--
-- PostgreSQL database dump
--

-- Dumped from database version 16.9
-- Dumped by pg_dump version 16.9

SET statement_timeout = 0;
SET lock_timeout = 0;
SET idle_in_transaction_session_timeout = 0;
SET client_encoding = 'UTF8';
SET standard_conforming_strings = on;
SELECT pg_catalog.set_config('search_path', '', false);
SET check_function_bodies = false;
SET xmloption = content;
SET client_min_messages = warning;
SET row_security = off;

SET default_tablespace = '';

SET default_table_access_method = heap;

--
-- Name: auto_approval_settings; Type: TABLE; Schema: public; Owner: neondb_owner
--

CREATE TABLE public.auto_approval_settings (
    id character varying NOT NULL,
    user_id character varying NOT NULL,
    max_amount numeric(18,2) NOT NULL,
    time_window_minutes integer DEFAULT 30,
    is_enabled boolean DEFAULT false,
    allow_weekends boolean DEFAULT false,
    created_at timestamp without time zone DEFAULT now(),
    updated_at timestamp without time zone DEFAULT now()
);


ALTER TABLE public.auto_approval_settings OWNER TO neondb_owner;

--
-- Name: currency_pairs; Type: TABLE; Schema: public; Owner: neondb_owner
--

CREATE TABLE public.currency_pairs (
    id character varying NOT NULL,
    symbol character varying NOT NULL,
    base_currency character varying NOT NULL,
    quote_currency character varying NOT NULL,
    is_active boolean DEFAULT true
);


ALTER TABLE public.currency_pairs OWNER TO neondb_owner;

--
-- Name: market_rates; Type: TABLE; Schema: public; Owner: neondb_owner
--

CREATE TABLE public.market_rates (
    id character varying NOT NULL,
    currency_pair_id character varying,
    buy_rate numeric(12,4) NOT NULL,
    sell_rate numeric(12,4) NOT NULL,
    "timestamp" timestamp without time zone DEFAULT now(),
    updated_at timestamp without time zone DEFAULT now()
);


ALTER TABLE public.market_rates OWNER TO neondb_owner;

--
-- Name: quote_requests; Type: TABLE; Schema: public; Owner: neondb_owner
--

CREATE TABLE public.quote_requests (
    id character varying NOT NULL,
    user_id character varying NOT NULL,
    product_type character varying NOT NULL,
    currency_pair_id character varying,
    direction character varying NOT NULL,
    amount numeric(18,2) NOT NULL,
    tenor character varying,
    near_date timestamp without time zone,
    far_date timestamp without time zone,
    near_rate numeric(12,4),
    status character varying DEFAULT 'REQUESTED'::character varying,
    approved_by character varying,
    approved_at timestamp without time zone,
    quoted_rate numeric(12,4),
    expires_at timestamp without time zone,
    created_at timestamp without time zone DEFAULT now(),
    updated_at timestamp without time zone DEFAULT now(),
    near_amount numeric(18,2),
    far_amount numeric(18,2),
    hedge_completed boolean DEFAULT false,
    near_spread numeric(8,4),
    far_spread numeric(8,4)
);


ALTER TABLE public.quote_requests OWNER TO neondb_owner;

--
-- Name: sessions; Type: TABLE; Schema: public; Owner: neondb_owner
--

CREATE TABLE public.sessions (
    sid character varying NOT NULL,
    sess jsonb NOT NULL,
    expire timestamp without time zone NOT NULL
);


ALTER TABLE public.sessions OWNER TO neondb_owner;

--
-- Name: spread_settings; Type: TABLE; Schema: public; Owner: neondb_owner
--

CREATE TABLE public.spread_settings (
    id character varying NOT NULL,
    product_type character varying NOT NULL,
    currency_pair_id character varying,
    group_type character varying,
    group_value character varying,
    base_spread numeric(8,4) NOT NULL,
    tenor_spreads jsonb,
    is_active boolean DEFAULT true,
    created_at timestamp without time zone DEFAULT now(),
    updated_at timestamp without time zone DEFAULT now()
);


ALTER TABLE public.spread_settings OWNER TO neondb_owner;

--
-- Name: trades; Type: TABLE; Schema: public; Owner: neondb_owner
--

CREATE TABLE public.trades (
    id character varying NOT NULL,
    user_id character varying NOT NULL,
    trade_number character varying NOT NULL,
    product_type character varying NOT NULL,
    currency_pair_id character varying,
    direction character varying NOT NULL,
    amount numeric(18,2) NOT NULL,
    rate numeric(12,4) NOT NULL,
    settlement_date timestamp without time zone,
    maturity_date timestamp without time zone,
    status character varying DEFAULT 'active'::character varying,
    quote_request_id character varying,
    created_at timestamp without time zone DEFAULT now(),
    updated_at timestamp without time zone DEFAULT now()
);


ALTER TABLE public.trades OWNER TO neondb_owner;

--
-- Name: users; Type: TABLE; Schema: public; Owner: neondb_owner
--

CREATE TABLE public.users (
    id character varying NOT NULL,
    username character varying NOT NULL,
    password character varying NOT NULL,
    first_name character varying,
    last_name character varying,
    email character varying,
    role character varying DEFAULT 'client'::character varying NOT NULL,
    major_group character varying,
    mid_group character varying,
    sub_group character varying,
    is_active boolean DEFAULT true,
    created_at timestamp without time zone DEFAULT now(),
    updated_at timestamp without time zone DEFAULT now()
);


ALTER TABLE public.users OWNER TO neondb_owner;

--
-- Data for Name: auto_approval_settings; Type: TABLE DATA; Schema: public; Owner: neondb_owner
--

COPY public.auto_approval_settings (id, user_id, max_amount, time_window_minutes, is_enabled, allow_weekends, created_at, updated_at) FROM stdin;
\.


--
-- Data for Name: currency_pairs; Type: TABLE DATA; Schema: public; Owner: neondb_owner
--

COPY public.currency_pairs (id, symbol, base_currency, quote_currency, is_active) FROM stdin;
4c195055-9a09-408b-bea0-05e2f2a7cc85	USD/KRW	USD	KRW	t
135c9465-21e3-497a-ab5a-94580d62477b	JPY/KRW	JPY	KRW	t
d402a352-d7b3-4d8e-a97e-142e324353da	EUR/KRW	EUR	KRW	t
afe815c7-92ea-4664-9522-4c7086b968b0	GBP/KRW	GBP	KRW	t
0536b41b-467a-4811-a798-de5b85c3b404	CNY/KRW	CNY	KRW	t
2a5f6ba9-ef38-4ae9-aaa0-e89c99ac2b59	HKD/KRW	HKD	KRW	t
uROrIRcTN_abjbRWsyKwy	USDKRW	USD	KRW	t
\.


--
-- Data for Name: market_rates; Type: TABLE DATA; Schema: public; Owner: neondb_owner
--

COPY public.market_rates (id, currency_pair_id, buy_rate, sell_rate, "timestamp", updated_at) FROM stdin;
1a540972-95fe-4fa1-a40b-f50427188fca	4c195055-9a09-408b-bea0-05e2f2a7cc85	1380.5000	1381.5000	2025-08-02 16:14:10.888475	2025-08-03 02:07:25.911743
797f9de3-ddf0-44ed-841c-59aaa548734c	135c9465-21e3-497a-ab5a-94580d62477b	9.2500	9.2700	2025-08-02 16:14:10.888475	2025-08-03 02:07:25.911743
9d783a89-6d29-438b-b992-90bb4614d79d	d402a352-d7b3-4d8e-a97e-142e324353da	1455.2000	1456.2000	2025-08-02 16:14:10.888475	2025-08-03 02:07:25.911743
dc2d1c1a-eed4-4620-8c7b-ff61f2a36037	afe815c7-92ea-4664-9522-4c7086b968b0	1720.8000	1721.8000	2025-08-02 16:14:10.888475	2025-08-03 02:07:25.911743
6e97c799-80a4-4412-a7d5-c3ec72ba955f	0536b41b-467a-4811-a798-de5b85c3b404	190.1500	190.3500	2025-08-02 16:14:10.888475	2025-08-03 02:07:25.911743
83d2ec5d-4b6e-4e78-b4fc-719bcfc6049a	4c195055-9a09-408b-bea0-05e2f2a7cc85	1355.5000	1345.5000	2025-08-02 16:52:00.137223	2025-08-03 02:07:25.911743
90f7877f-5fb0-4785-a4b4-35e822798c8e	135c9465-21e3-497a-ab5a-94580d62477b	9.1500	9.0500	2025-08-02 16:52:00.137223	2025-08-03 02:07:25.911743
c1a6b011-20e2-4bbf-bcb4-76d953305a67	d402a352-d7b3-4d8e-a97e-142e324353da	1480.2000	1470.2000	2025-08-02 16:52:00.137223	2025-08-03 02:07:25.911743
3016a108-88b6-4d5c-a67d-dd7f02ca977c	afe815c7-92ea-4664-9522-4c7086b968b0	1720.8000	1710.8000	2025-08-02 16:52:00.137223	2025-08-03 02:07:25.911743
a9295537-6f03-4750-bbf0-40b1fa25dc44	0536b41b-467a-4811-a798-de5b85c3b404	187.9000	186.9000	2025-08-02 16:52:00.137223	2025-08-03 02:07:25.911743
3ade9020-d727-4b01-89df-912f5159272a	2a5f6ba9-ef38-4ae9-aaa0-e89c99ac2b59	176.5000	178.2000	2025-08-02 18:48:27.532804	2025-08-03 02:07:25.911743
R19nHCuiSPuyJO8v5lytC	uROrIRcTN_abjbRWsyKwy	1256.8227	1255.8227	2025-08-03 05:52:03.101674	2025-08-03 05:52:03.101674
lAGpa063js8uH07iFv3z6	uROrIRcTN_abjbRWsyKwy	1221.4825	1220.4825	2025-08-03 05:52:03.200447	2025-08-03 05:52:03.200447
VbeWqITJztZRwihyHCUpe	uROrIRcTN_abjbRWsyKwy	1245.4595	1244.4595	2025-08-03 05:52:03.288872	2025-08-03 05:52:03.288872
CliB_INcbOqR-eP0wLcBs	uROrIRcTN_abjbRWsyKwy	1244.8050	1243.8050	2025-08-03 05:52:03.376203	2025-08-03 05:52:03.376203
BPCprwG1NVtna0vHwdgEW	uROrIRcTN_abjbRWsyKwy	1211.2525	1210.2525	2025-08-03 05:52:03.46679	2025-08-03 05:52:03.46679
DC0KjYvlF4fWIkVi9FZbd	uROrIRcTN_abjbRWsyKwy	1245.2637	1244.2637	2025-08-03 05:52:03.555952	2025-08-03 05:52:03.555952
HEhw5yC0xedSNKigDcANm	uROrIRcTN_abjbRWsyKwy	1287.6795	1286.6795	2025-08-03 05:52:03.65248	2025-08-03 05:52:03.65248
g7z3a1SjERoYqHM4sUj6c	uROrIRcTN_abjbRWsyKwy	1239.6687	1238.6687	2025-08-03 05:52:03.743452	2025-08-03 05:52:03.743452
_r1gshY5LL-8SRi_zPIv9	uROrIRcTN_abjbRWsyKwy	1296.3009	1295.3009	2025-08-03 05:52:03.833144	2025-08-03 05:52:03.833144
vg1aCyJ_REXxxQrUYvvuF	uROrIRcTN_abjbRWsyKwy	1271.7054	1270.7054	2025-08-03 05:52:03.919784	2025-08-03 05:52:03.919784
GhFU4ygoewfEw23QmMGHH	uROrIRcTN_abjbRWsyKwy	1210.1751	1209.1751	2025-08-03 05:52:04.011449	2025-08-03 05:52:04.011449
vFJoI8hKcK9hCaaiUggQQ	uROrIRcTN_abjbRWsyKwy	1298.6849	1297.6849	2025-08-03 05:52:04.099034	2025-08-03 05:52:04.099034
uhWJ64VqY3rCpge_MYYbu	uROrIRcTN_abjbRWsyKwy	1228.0548	1227.0548	2025-08-03 05:52:04.191023	2025-08-03 05:52:04.191023
6j_N905MX6DGVD_yG-a14	uROrIRcTN_abjbRWsyKwy	1249.7178	1248.7178	2025-08-03 05:52:04.279189	2025-08-03 05:52:04.279189
-ZmgDHZzAMCEoZyXMRsaN	uROrIRcTN_abjbRWsyKwy	1210.4226	1209.4226	2025-08-03 05:52:04.366296	2025-08-03 05:52:04.366296
hLaPr4Y-3Qr_Yh3yhS0eb	uROrIRcTN_abjbRWsyKwy	1276.0406	1275.0406	2025-08-03 05:52:04.452513	2025-08-03 05:52:04.452513
SilVw3nw_aJGqz25RdCb6	uROrIRcTN_abjbRWsyKwy	1210.5489	1209.5489	2025-08-03 05:52:04.539801	2025-08-03 05:52:04.539801
K6x1SxN2snRYcNwfCRFiV	uROrIRcTN_abjbRWsyKwy	1229.2401	1228.2401	2025-08-03 05:52:04.628006	2025-08-03 05:52:04.628006
vTRcIqER7Pca1yFaNoc_C	uROrIRcTN_abjbRWsyKwy	1284.3328	1283.3328	2025-08-03 05:52:04.715005	2025-08-03 05:52:04.715005
UHfJ0xlLQtle8eu0pA8qn	uROrIRcTN_abjbRWsyKwy	1213.3722	1212.3722	2025-08-03 05:52:04.802383	2025-08-03 05:52:04.802383
K_k0GoS7gGESqFbTYtUiA	uROrIRcTN_abjbRWsyKwy	1227.2852	1226.2852	2025-08-03 05:52:04.88946	2025-08-03 05:52:04.88946
hIA74zPNXYGYiCTVMnU4a	uROrIRcTN_abjbRWsyKwy	1205.6607	1204.6607	2025-08-03 05:52:04.976407	2025-08-03 05:52:04.976407
gM3Y8iGMp0gT21Uve5JKm	uROrIRcTN_abjbRWsyKwy	1253.8702	1252.8702	2025-08-03 05:52:05.063674	2025-08-03 05:52:05.063674
QINhwsRrmW8RwCOHQROFX	uROrIRcTN_abjbRWsyKwy	1260.2908	1259.2908	2025-08-03 05:52:05.152209	2025-08-03 05:52:05.152209
PR2jXBo6kDPj3vo_VUK7Y	uROrIRcTN_abjbRWsyKwy	1266.4118	1265.4118	2025-08-03 05:52:05.239038	2025-08-03 05:52:05.239038
HrQ9_zDrUaHNTYFbN5WsI	uROrIRcTN_abjbRWsyKwy	1297.1734	1296.1734	2025-08-03 05:52:05.328569	2025-08-03 05:52:05.328569
h46MOChNMAF7ItFJ7XKsq	uROrIRcTN_abjbRWsyKwy	1249.0528	1248.0528	2025-08-03 05:52:05.415753	2025-08-03 05:52:05.415753
vLHZddz381QSb_wFId9SQ	uROrIRcTN_abjbRWsyKwy	1283.2878	1282.2878	2025-08-03 05:52:05.503414	2025-08-03 05:52:05.503414
nY0xMI3zDvF9jZ5MzuNgv	uROrIRcTN_abjbRWsyKwy	1217.1487	1216.1487	2025-08-03 05:52:05.590698	2025-08-03 05:52:05.590698
iCsQi4E-IVpmB3bwvqyBE	uROrIRcTN_abjbRWsyKwy	1203.0980	1202.0980	2025-08-03 05:52:05.677956	2025-08-03 05:52:05.677956
2DnNC-zyFe4GlxtNbKBXM	uROrIRcTN_abjbRWsyKwy	1210.9845	1209.9845	2025-08-03 05:52:05.765361	2025-08-03 05:52:05.765361
TxMulYJFbC0lXoUWeteQx	uROrIRcTN_abjbRWsyKwy	1208.8889	1207.8889	2025-08-03 05:52:05.853204	2025-08-03 05:52:05.853204
V7InZ9tF4frevqPeqGv1g	uROrIRcTN_abjbRWsyKwy	1273.1292	1272.1292	2025-08-03 05:52:05.940176	2025-08-03 05:52:05.940176
hUl3qmZA49iH4cdV7zGB9	uROrIRcTN_abjbRWsyKwy	1241.3664	1240.3664	2025-08-03 05:52:06.026446	2025-08-03 05:52:06.026446
TD5O_fZiLPgWgnyMaDppC	uROrIRcTN_abjbRWsyKwy	1245.9346	1244.9346	2025-08-03 05:52:06.114458	2025-08-03 05:52:06.114458
rbzydfzWwfa1jceEwjoZn	uROrIRcTN_abjbRWsyKwy	1257.0547	1256.0547	2025-08-03 05:52:06.201444	2025-08-03 05:52:06.201444
s2OkMN30QNHnNAm3hgEe6	uROrIRcTN_abjbRWsyKwy	1280.2690	1279.2690	2025-08-03 05:52:06.288446	2025-08-03 05:52:06.288446
gW_qeyvKhMfYxAJOo3Mx1	uROrIRcTN_abjbRWsyKwy	1223.5501	1222.5501	2025-08-03 05:52:06.374691	2025-08-03 05:52:06.374691
dZBKjjR_1-dvSAhqN9gcw	uROrIRcTN_abjbRWsyKwy	1257.2059	1256.2059	2025-08-03 05:52:06.462787	2025-08-03 05:52:06.462787
fMxb0mmcTYZkIe5KP-3iH	uROrIRcTN_abjbRWsyKwy	1214.5161	1213.5161	2025-08-03 05:52:06.549505	2025-08-03 05:52:06.549505
YCgHWtHQU-nlIqd2Dnd3N	uROrIRcTN_abjbRWsyKwy	1258.0284	1257.0284	2025-08-03 05:52:06.636996	2025-08-03 05:52:06.636996
vG7-MO1g_RZ1-ZcZtiS7K	uROrIRcTN_abjbRWsyKwy	1202.2454	1201.2454	2025-08-03 05:52:06.724281	2025-08-03 05:52:06.724281
q9cnKouXsMxxMyH5GM3TA	uROrIRcTN_abjbRWsyKwy	1209.4452	1208.4452	2025-08-03 05:52:06.812044	2025-08-03 05:52:06.812044
WuVf0wuThsiStXbhQ0it1	uROrIRcTN_abjbRWsyKwy	1263.3080	1262.3080	2025-08-03 05:52:06.899434	2025-08-03 05:52:06.899434
zEjVTdLDnsKEoU0DKGARs	uROrIRcTN_abjbRWsyKwy	1243.1646	1242.1646	2025-08-03 05:52:06.986856	2025-08-03 05:52:06.986856
dd3mdszE7e6lGo5zEg5Cd	uROrIRcTN_abjbRWsyKwy	1233.1743	1232.1743	2025-08-03 05:52:07.075157	2025-08-03 05:52:07.075157
xI0Q92KuzJ2Tb5l3U2ix5	uROrIRcTN_abjbRWsyKwy	1264.9272	1263.9272	2025-08-03 05:52:07.162363	2025-08-03 05:52:07.162363
bSqvQqqCz0XyTZyhGFcQ7	uROrIRcTN_abjbRWsyKwy	1224.5123	1223.5123	2025-08-03 05:52:07.249996	2025-08-03 05:52:07.249996
9KJ9_7oRoEsg-1SK0Tgni	uROrIRcTN_abjbRWsyKwy	1242.9356	1241.9356	2025-08-03 05:52:07.33755	2025-08-03 05:52:07.33755
3f8hceDPRgWccWPP-bM7H	uROrIRcTN_abjbRWsyKwy	1213.7480	1212.7480	2025-08-03 05:52:07.426324	2025-08-03 05:52:07.426324
sDqK9-Oy1QC9FTdzTzlKF	uROrIRcTN_abjbRWsyKwy	1282.6665	1281.6665	2025-08-03 05:52:07.527051	2025-08-03 05:52:07.527051
Tlx-L7ZIz6Mr_W1BddkVa	uROrIRcTN_abjbRWsyKwy	1289.1108	1288.1108	2025-08-03 05:52:07.614593	2025-08-03 05:52:07.614593
Xo6BiigyljHwMN9ddo1IC	uROrIRcTN_abjbRWsyKwy	1230.4157	1229.4157	2025-08-03 05:52:07.702355	2025-08-03 05:52:07.702355
b7ysSnfBP0fVmBcwUD1-w	uROrIRcTN_abjbRWsyKwy	1235.0582	1234.0582	2025-08-03 05:52:07.790333	2025-08-03 05:52:07.790333
rvZdfNU0HJIQiu6-_TP44	uROrIRcTN_abjbRWsyKwy	1218.2798	1217.2798	2025-08-03 05:52:07.87736	2025-08-03 05:52:07.87736
JVjevj-xvRu9hbOzd9XEi	uROrIRcTN_abjbRWsyKwy	1290.0843	1289.0843	2025-08-03 05:52:07.963688	2025-08-03 05:52:07.963688
94nCmuJ-hwAKYQU0BDWVE	uROrIRcTN_abjbRWsyKwy	1274.2970	1273.2970	2025-08-03 05:52:08.054418	2025-08-03 05:52:08.054418
EQld-5uiNIjZiRo7y_Tvd	uROrIRcTN_abjbRWsyKwy	1211.6427	1210.6427	2025-08-03 05:52:08.141863	2025-08-03 05:52:08.141863
7olbWG7CffVOCrYsZ0nDT	uROrIRcTN_abjbRWsyKwy	1270.1727	1269.1727	2025-08-03 05:52:08.228317	2025-08-03 05:52:08.228317
q9Wdx5y7nWBvvznIHTWpW	uROrIRcTN_abjbRWsyKwy	1288.0084	1287.0084	2025-08-03 05:52:08.318383	2025-08-03 05:52:08.318383
qGUK0DI4lVzWf-dkpeqYw	uROrIRcTN_abjbRWsyKwy	1265.0731	1264.0731	2025-08-03 05:52:08.409392	2025-08-03 05:52:08.409392
w9jkHz6_HOZZgCyx-KmJw	uROrIRcTN_abjbRWsyKwy	1209.5569	1208.5569	2025-08-03 05:52:08.498903	2025-08-03 05:52:08.498903
9syTFAtYCDcpotCUVfmxU	uROrIRcTN_abjbRWsyKwy	1260.6720	1259.6720	2025-08-03 05:52:08.587091	2025-08-03 05:52:08.587091
795ctLtzePcXyczn0GmcP	uROrIRcTN_abjbRWsyKwy	1272.5602	1271.5602	2025-08-03 05:52:08.674437	2025-08-03 05:52:08.674437
EGe1-VacPTWATS3T6USvW	uROrIRcTN_abjbRWsyKwy	1205.3617	1204.3617	2025-08-03 05:52:08.761384	2025-08-03 05:52:08.761384
VRoajHuPNwbCrB1qnOJXS	uROrIRcTN_abjbRWsyKwy	1288.7685	1287.7685	2025-08-03 05:52:08.8487	2025-08-03 05:52:08.8487
8d3_qhka2P9k8wF-lYRVi	uROrIRcTN_abjbRWsyKwy	1261.4127	1260.4127	2025-08-03 05:52:08.93601	2025-08-03 05:52:08.93601
QFUsHdFfw7bCC8MygkbL5	uROrIRcTN_abjbRWsyKwy	1266.0704	1265.0704	2025-08-03 05:52:09.048941	2025-08-03 05:52:09.048941
uZTfeJBQvkCS_SDklDvPn	uROrIRcTN_abjbRWsyKwy	1251.7830	1250.7830	2025-08-03 05:52:09.134634	2025-08-03 05:52:09.134634
9xaX07fvzq5ASpqU0141n	uROrIRcTN_abjbRWsyKwy	1235.4684	1234.4684	2025-08-03 05:52:09.224447	2025-08-03 05:52:09.224447
3vlY2jPlY9GQuIExsaN51	uROrIRcTN_abjbRWsyKwy	1285.3871	1284.3871	2025-08-03 05:52:09.31291	2025-08-03 05:52:09.31291
ztt96FfIOwH5ZlLRoznSE	uROrIRcTN_abjbRWsyKwy	1247.9987	1246.9987	2025-08-03 05:52:09.401255	2025-08-03 05:52:09.401255
RnjElh9ho11mTAp_EA0PP	uROrIRcTN_abjbRWsyKwy	1252.0224	1251.0224	2025-08-03 05:52:09.489485	2025-08-03 05:52:09.489485
p9PHsRm8QBGVbImVlQSqZ	uROrIRcTN_abjbRWsyKwy	1244.7000	1243.7000	2025-08-03 05:52:09.576977	2025-08-03 05:52:09.576977
LxIFWjavWJh3Fd4gWgTyN	uROrIRcTN_abjbRWsyKwy	1254.3965	1253.3965	2025-08-03 05:52:09.664417	2025-08-03 05:52:09.664417
-5TyiiC3TV7CvuUekemkD	uROrIRcTN_abjbRWsyKwy	1296.5908	1295.5908	2025-08-03 05:52:09.75933	2025-08-03 05:52:09.75933
BohLvcvATrCG6KRikh8OL	uROrIRcTN_abjbRWsyKwy	1219.6855	1218.6855	2025-08-03 05:52:09.848542	2025-08-03 05:52:09.848542
-bPmbROfbhd-qnsL4Gjzo	uROrIRcTN_abjbRWsyKwy	1210.8116	1209.8116	2025-08-03 05:52:09.936143	2025-08-03 05:52:09.936143
g70PDCPY53iTwF_TeW_hb	uROrIRcTN_abjbRWsyKwy	1227.3965	1226.3965	2025-08-03 05:52:10.031353	2025-08-03 05:52:10.031353
qIPZ3pSeBqXvv8hH8bnXC	uROrIRcTN_abjbRWsyKwy	1223.2643	1222.2643	2025-08-03 05:52:10.118288	2025-08-03 05:52:10.118288
HP4CA1gYnc0r1oE3EZyPO	uROrIRcTN_abjbRWsyKwy	1243.7259	1242.7259	2025-08-03 05:52:10.206783	2025-08-03 05:52:10.206783
tqjzDkphxXBYEzxWcPStz	uROrIRcTN_abjbRWsyKwy	1236.6199	1235.6199	2025-08-03 05:52:10.298509	2025-08-03 05:52:10.298509
qYvR-YzBL8nz5LTVc8GWc	uROrIRcTN_abjbRWsyKwy	1287.9135	1286.9135	2025-08-03 05:52:10.385036	2025-08-03 05:52:10.385036
avtxX43bkjWqbzOuMRnlS	uROrIRcTN_abjbRWsyKwy	1273.0964	1272.0964	2025-08-03 05:52:10.471914	2025-08-03 05:52:10.471914
ymEj3PC7HrEkS64RSTetl	uROrIRcTN_abjbRWsyKwy	1218.8366	1217.8366	2025-08-03 05:52:10.560931	2025-08-03 05:52:10.560931
P7ytrHG28aal2HWhInWpt	uROrIRcTN_abjbRWsyKwy	1280.1715	1279.1715	2025-08-03 05:52:10.649444	2025-08-03 05:52:10.649444
zWYXev5-20j21smVPrjSL	uROrIRcTN_abjbRWsyKwy	1207.4016	1206.4016	2025-08-03 05:52:10.736745	2025-08-03 05:52:10.736745
jlg2ETxFq2fJbxTpWPnRC	uROrIRcTN_abjbRWsyKwy	1225.4239	1224.4239	2025-08-03 05:52:10.823474	2025-08-03 05:52:10.823474
wrVp4cjP_FeE5FwbGz8RF	uROrIRcTN_abjbRWsyKwy	1237.8556	1236.8556	2025-08-03 05:52:10.909858	2025-08-03 05:52:10.909858
em43MVp_02TE2_nA4R41C	uROrIRcTN_abjbRWsyKwy	1206.9785	1205.9785	2025-08-03 05:52:10.995754	2025-08-03 05:52:10.995754
Bdd_nkZPfxSePkNVkURmR	uROrIRcTN_abjbRWsyKwy	1202.5524	1201.5524	2025-08-03 05:52:11.082907	2025-08-03 05:52:11.082907
2ymfIc8hfnoIe1_bU8PTI	uROrIRcTN_abjbRWsyKwy	1215.6821	1214.6821	2025-08-03 05:52:11.168809	2025-08-03 05:52:11.168809
-uu3_VAVxN_PbYOz8XZYF	uROrIRcTN_abjbRWsyKwy	1214.8915	1213.8915	2025-08-03 05:52:11.255346	2025-08-03 05:52:11.255346
8aJT52tcIKXqWMtGfcprB	uROrIRcTN_abjbRWsyKwy	1265.3244	1264.3244	2025-08-03 05:52:11.35863	2025-08-03 05:52:11.35863
g1Iw9rkRTeMBc-ivrIFfJ	uROrIRcTN_abjbRWsyKwy	1241.9793	1240.9793	2025-08-03 05:52:11.445889	2025-08-03 05:52:11.445889
oS5zv7DApxnw2LfRFa_3E	uROrIRcTN_abjbRWsyKwy	1202.5465	1201.5465	2025-08-03 05:52:11.534337	2025-08-03 05:52:11.534337
8AVJ9lGb3dEe4BYx2fcwI	uROrIRcTN_abjbRWsyKwy	1290.8966	1289.8966	2025-08-03 05:52:11.621815	2025-08-03 05:52:11.621815
36ZGHPmOZVsRSaXkICdqt	uROrIRcTN_abjbRWsyKwy	1214.7959	1213.7959	2025-08-03 05:52:11.712484	2025-08-03 05:52:11.712484
nZ12ztYk1NvuHPk47nctR	uROrIRcTN_abjbRWsyKwy	1279.3211	1278.3211	2025-08-03 05:52:11.800553	2025-08-03 05:52:11.800553
vjNq3FoSQO2ym1HGGN8wS	uROrIRcTN_abjbRWsyKwy	1264.6398	1263.6398	2025-08-03 05:52:11.888024	2025-08-03 05:52:11.888024
fuDr0AuzvboPUM0LI-B8s	uROrIRcTN_abjbRWsyKwy	1239.6683	1238.6683	2025-08-03 05:52:11.975368	2025-08-03 05:52:11.975368
3GMZ9StO7sqzZtGh99EH_	uROrIRcTN_abjbRWsyKwy	1295.8166	1294.8166	2025-08-03 05:52:12.062461	2025-08-03 05:52:12.062461
Qf_fleBAWi2jR7ar8fexf	uROrIRcTN_abjbRWsyKwy	1204.3628	1203.3628	2025-08-03 05:52:12.150383	2025-08-03 05:52:12.150383
zX1HdoWq-i6VCYwcs7JGK	uROrIRcTN_abjbRWsyKwy	1221.0693	1220.0693	2025-08-03 05:52:12.237862	2025-08-03 05:52:12.237862
kBuho6csqEOsNkjcHXKGB	uROrIRcTN_abjbRWsyKwy	1285.8348	1284.8348	2025-08-03 05:52:12.325325	2025-08-03 05:52:12.325325
AgMvzodIY9OtRQE7X7PJr	uROrIRcTN_abjbRWsyKwy	1220.5749	1219.5749	2025-08-03 05:52:12.412447	2025-08-03 05:52:12.412447
E_ptDDIprAHAuTOETzsWf	uROrIRcTN_abjbRWsyKwy	1237.8472	1236.8472	2025-08-03 05:52:12.49933	2025-08-03 05:52:12.49933
VsjxzHtj6HmKRHyECzk9y	uROrIRcTN_abjbRWsyKwy	1224.9993	1223.9993	2025-08-03 05:52:12.624251	2025-08-03 05:52:12.624251
6FVfpx1Sj5KLV4ta9xhIA	uROrIRcTN_abjbRWsyKwy	1215.0978	1214.0978	2025-08-03 05:52:12.713298	2025-08-03 05:52:12.713298
JVdLHcKH2gQx9MjAaWpuC	uROrIRcTN_abjbRWsyKwy	1293.0049	1292.0049	2025-08-03 05:52:12.801425	2025-08-03 05:52:12.801425
l6P6ra9xBUYQ3l1EyQkGn	uROrIRcTN_abjbRWsyKwy	1272.1647	1271.1647	2025-08-03 05:52:12.888345	2025-08-03 05:52:12.888345
0HxV7kiZp-OWEc0kS-1d2	uROrIRcTN_abjbRWsyKwy	1227.7520	1226.7520	2025-08-03 05:52:12.975407	2025-08-03 05:52:12.975407
SPquITPj1j-e_nMZyPvR8	uROrIRcTN_abjbRWsyKwy	1224.8283	1223.8283	2025-08-03 05:52:13.063086	2025-08-03 05:52:13.063086
KmI4bkn0S5SstrMLsPNWs	uROrIRcTN_abjbRWsyKwy	1201.4996	1200.4996	2025-08-03 05:52:13.158701	2025-08-03 05:52:13.158701
Yfq78q5O1BoekbKSHPltW	uROrIRcTN_abjbRWsyKwy	1219.7511	1218.7511	2025-08-03 05:52:13.252478	2025-08-03 05:52:13.252478
ms8bVAVW1dnWParXHV0wu	uROrIRcTN_abjbRWsyKwy	1251.9806	1250.9806	2025-08-03 05:52:13.338942	2025-08-03 05:52:13.338942
0G5YbzBCgNO8gnE_fJWzU	uROrIRcTN_abjbRWsyKwy	1220.2068	1219.2068	2025-08-03 05:52:13.441602	2025-08-03 05:52:13.441602
eMdD5jrHHS60UxUEGGWXX	uROrIRcTN_abjbRWsyKwy	1233.2545	1232.2545	2025-08-03 05:52:13.528986	2025-08-03 05:52:13.528986
RiAPT7y0aqmP3kZVTqWuV	uROrIRcTN_abjbRWsyKwy	1211.3191	1210.3191	2025-08-03 05:52:13.616086	2025-08-03 05:52:13.616086
mR4PN-WRr9w_SaEKls1yo	uROrIRcTN_abjbRWsyKwy	1234.0585	1233.0585	2025-08-03 05:52:13.70349	2025-08-03 05:52:13.70349
Q2ebqyy41fROItSnItrw5	uROrIRcTN_abjbRWsyKwy	1244.6936	1243.6936	2025-08-03 05:52:13.791633	2025-08-03 05:52:13.791633
BeoXIvakmi4ejdXsNCNxS	uROrIRcTN_abjbRWsyKwy	1296.9281	1295.9281	2025-08-03 05:52:13.884871	2025-08-03 05:52:13.884871
csei1FHUSpN3BJfDYAlCe	uROrIRcTN_abjbRWsyKwy	1242.2736	1241.2736	2025-08-03 05:52:13.973301	2025-08-03 05:52:13.973301
A_qPzKFH6qYqAcFub-nuV	uROrIRcTN_abjbRWsyKwy	1299.3452	1298.3452	2025-08-03 05:52:14.061344	2025-08-03 05:52:14.061344
4HzJwB21G9R3HHTaE_1_j	uROrIRcTN_abjbRWsyKwy	1297.2966	1296.2966	2025-08-03 05:52:14.148512	2025-08-03 05:52:14.148512
9ARhdB55i4dd5_5LBL0iq	uROrIRcTN_abjbRWsyKwy	1250.1703	1249.1703	2025-08-03 05:52:14.234427	2025-08-03 05:52:14.234427
ywPUJXy1FlYwwP6bZjWpY	uROrIRcTN_abjbRWsyKwy	1205.9680	1204.9680	2025-08-03 05:52:14.321105	2025-08-03 05:52:14.321105
MbiVOv-PFPQasrDPNsX6Y	uROrIRcTN_abjbRWsyKwy	1255.6303	1254.6303	2025-08-03 05:52:14.408101	2025-08-03 05:52:14.408101
DhKpMlrW9BknQpYoHbPJl	uROrIRcTN_abjbRWsyKwy	1283.2949	1282.2949	2025-08-03 05:52:14.494631	2025-08-03 05:52:14.494631
_QCeSIKExKNW4aVFzl_0N	uROrIRcTN_abjbRWsyKwy	1243.3777	1242.3777	2025-08-03 05:52:14.581552	2025-08-03 05:52:14.581552
iF6W-cwpD7BllkA4aKyOC	uROrIRcTN_abjbRWsyKwy	1275.9951	1274.9951	2025-08-03 05:52:14.667641	2025-08-03 05:52:14.667641
puu_PuxHVNnLUSUklqIJn	uROrIRcTN_abjbRWsyKwy	1255.6041	1254.6041	2025-08-03 05:52:14.753565	2025-08-03 05:52:14.753565
947s-0xek3a4Q6ubu3UEg	uROrIRcTN_abjbRWsyKwy	1264.1415	1263.1415	2025-08-03 05:52:14.841834	2025-08-03 05:52:14.841834
ObrSsdsX8t1uoQjRNErCW	uROrIRcTN_abjbRWsyKwy	1252.8431	1251.8431	2025-08-03 05:52:14.930975	2025-08-03 05:52:14.930975
dATb-ON5ACOX2jokExSWR	uROrIRcTN_abjbRWsyKwy	1288.0815	1287.0815	2025-08-03 05:52:15.017804	2025-08-03 05:52:15.017804
ZSfFkj_cyZK_YROVsl_sx	uROrIRcTN_abjbRWsyKwy	1226.5230	1225.5230	2025-08-03 05:52:15.104322	2025-08-03 05:52:15.104322
YnXXujFWUn8MQk7DZ9EC7	uROrIRcTN_abjbRWsyKwy	1204.7888	1203.7888	2025-08-03 05:52:15.191749	2025-08-03 05:52:15.191749
eQt3yAtxG2xgLkbaOKkr3	uROrIRcTN_abjbRWsyKwy	1236.4821	1235.4821	2025-08-03 05:52:15.276472	2025-08-03 05:52:15.276472
AhLkcEU2rxfYJZpx43CfU	uROrIRcTN_abjbRWsyKwy	1239.3954	1238.3954	2025-08-03 05:52:15.363483	2025-08-03 05:52:15.363483
EsiKo5eTepMXn861Cqb7j	uROrIRcTN_abjbRWsyKwy	1252.6236	1251.6236	2025-08-03 05:52:15.45653	2025-08-03 05:52:15.45653
EDWu1VpZFbZVNEjJETb2I	uROrIRcTN_abjbRWsyKwy	1292.5363	1291.5363	2025-08-03 05:52:15.543114	2025-08-03 05:52:15.543114
poV6WmGtbkvmShcf5jcNP	uROrIRcTN_abjbRWsyKwy	1229.5558	1228.5558	2025-08-03 05:52:15.630216	2025-08-03 05:52:15.630216
W1aFbox9t2zWUsSCH6blP	uROrIRcTN_abjbRWsyKwy	1226.0461	1225.0461	2025-08-03 05:52:15.716902	2025-08-03 05:52:15.716902
u5fpHzQuWSD82pPavoBgB	uROrIRcTN_abjbRWsyKwy	1275.6368	1274.6368	2025-08-03 05:52:15.803381	2025-08-03 05:52:15.803381
NIoyB_2Ky-F-2CL_wU4-A	uROrIRcTN_abjbRWsyKwy	1218.7447	1217.7447	2025-08-03 05:52:15.890553	2025-08-03 05:52:15.890553
JZ64MymnlaN7k8DTQDVIY	uROrIRcTN_abjbRWsyKwy	1252.1635	1251.1635	2025-08-03 05:52:15.977333	2025-08-03 05:52:15.977333
-LZXlLoCyxagVLAGe8ev1	uROrIRcTN_abjbRWsyKwy	1205.6455	1204.6455	2025-08-03 05:52:16.063948	2025-08-03 05:52:16.063948
-ypu8EIAVdwUEKTuybvtu	uROrIRcTN_abjbRWsyKwy	1252.5476	1251.5476	2025-08-03 05:52:16.149504	2025-08-03 05:52:16.149504
ovBs8rV8ReM4LAwgJwVNK	uROrIRcTN_abjbRWsyKwy	1207.3028	1206.3028	2025-08-03 05:52:16.236082	2025-08-03 05:52:16.236082
B6jVNpC681SwvtfXfRTVe	uROrIRcTN_abjbRWsyKwy	1240.9717	1239.9717	2025-08-03 05:52:16.322958	2025-08-03 05:52:16.322958
u4oe3qaE8kKlZxgz7rKXl	uROrIRcTN_abjbRWsyKwy	1229.9816	1228.9816	2025-08-03 05:52:16.409157	2025-08-03 05:52:16.409157
vY1d0eiAXrwQihhjVBH7A	uROrIRcTN_abjbRWsyKwy	1238.4628	1237.4628	2025-08-03 05:52:16.495828	2025-08-03 05:52:16.495828
VkWDqomI208ngoKzrWizs	uROrIRcTN_abjbRWsyKwy	1289.2812	1288.2812	2025-08-03 05:52:16.582246	2025-08-03 05:52:16.582246
98wQDpVSoMIQw42CqNLZa	uROrIRcTN_abjbRWsyKwy	1243.2801	1242.2801	2025-08-03 05:52:16.670695	2025-08-03 05:52:16.670695
pl42GIMU7y1rOMx94ekrJ	uROrIRcTN_abjbRWsyKwy	1243.7056	1242.7056	2025-08-03 05:52:16.757229	2025-08-03 05:52:16.757229
5R34Ugxv5IFUW-wS5EqOl	uROrIRcTN_abjbRWsyKwy	1200.7429	1199.7429	2025-08-03 05:52:16.845074	2025-08-03 05:52:16.845074
xt2iLksKAQuRsZ8sseuLS	uROrIRcTN_abjbRWsyKwy	1238.2281	1237.2281	2025-08-03 05:52:16.931499	2025-08-03 05:52:16.931499
QMRtF3kmXTR7ueG1jkbGm	uROrIRcTN_abjbRWsyKwy	1268.9105	1267.9105	2025-08-03 05:52:17.018171	2025-08-03 05:52:17.018171
n9owLXLjJtc5LhL2XPyit	uROrIRcTN_abjbRWsyKwy	1274.7807	1273.7807	2025-08-03 05:52:17.105291	2025-08-03 05:52:17.105291
x9bFgOQ7NdZpN5sVBU8Ni	uROrIRcTN_abjbRWsyKwy	1220.1674	1219.1674	2025-08-03 05:52:17.191954	2025-08-03 05:52:17.191954
5Dp7KeoP7puXJKe1-_HgA	uROrIRcTN_abjbRWsyKwy	1225.1297	1224.1297	2025-08-03 05:52:17.27756	2025-08-03 05:52:17.27756
ZINGG_KDOJ4xPYV64EQKq	uROrIRcTN_abjbRWsyKwy	1300.0545	1299.0545	2025-08-03 05:52:17.36687	2025-08-03 05:52:17.36687
JsItbMDodWr4kUxg_9n1B	uROrIRcTN_abjbRWsyKwy	1203.4486	1202.4486	2025-08-03 05:52:17.453771	2025-08-03 05:52:17.453771
XwHHg-veX8xa8wl4BfhCa	uROrIRcTN_abjbRWsyKwy	1246.0942	1245.0942	2025-08-03 05:52:17.5392	2025-08-03 05:52:17.5392
ATMznGz6iBWu6a7hqrKXQ	uROrIRcTN_abjbRWsyKwy	1219.2235	1218.2235	2025-08-03 05:52:17.625988	2025-08-03 05:52:17.625988
4yjBwBW2xHhXvOHyJjDQg	uROrIRcTN_abjbRWsyKwy	1285.1335	1284.1335	2025-08-03 05:52:17.712448	2025-08-03 05:52:17.712448
SPlf5yj_GoLEwC-rrLlZu	uROrIRcTN_abjbRWsyKwy	1231.8838	1230.8838	2025-08-03 05:52:17.798986	2025-08-03 05:52:17.798986
PfDKDafQwRrqcOmN4OO1d	uROrIRcTN_abjbRWsyKwy	1293.2854	1292.2854	2025-08-03 05:52:17.900998	2025-08-03 05:52:17.900998
z4HReM7OSwPZCjZNhuFuD	uROrIRcTN_abjbRWsyKwy	1266.6230	1265.6230	2025-08-03 05:52:17.988115	2025-08-03 05:52:17.988115
r4byCbNg14I1tnlF38ca-	uROrIRcTN_abjbRWsyKwy	1294.9682	1293.9682	2025-08-03 05:52:18.074688	2025-08-03 05:52:18.074688
_PVDm6v9q2Io6SzlP2SVP	uROrIRcTN_abjbRWsyKwy	1255.0343	1254.0343	2025-08-03 05:52:18.159517	2025-08-03 05:52:18.159517
M8jnRwujWq3ZJmSYb2Z5z	uROrIRcTN_abjbRWsyKwy	1265.4601	1264.4601	2025-08-03 05:52:18.246128	2025-08-03 05:52:18.246128
0D6GHXUYEuVMNnA4XfniV	uROrIRcTN_abjbRWsyKwy	1289.7586	1288.7586	2025-08-03 05:52:18.333455	2025-08-03 05:52:18.333455
U76qeYeu0AhuRSo_Vo43Q	uROrIRcTN_abjbRWsyKwy	1276.0885	1275.0885	2025-08-03 05:52:18.420227	2025-08-03 05:52:18.420227
AOBXl0ehgB56Cju-cpqKy	uROrIRcTN_abjbRWsyKwy	1288.2785	1287.2785	2025-08-03 05:52:18.506935	2025-08-03 05:52:18.506935
1KEbYOV6kb3bBYREZCSjR	uROrIRcTN_abjbRWsyKwy	1203.6400	1202.6400	2025-08-03 05:52:18.593807	2025-08-03 05:52:18.593807
zotH2QExWZJiI2RTWDa3K	uROrIRcTN_abjbRWsyKwy	1234.2222	1233.2222	2025-08-03 05:52:18.679738	2025-08-03 05:52:18.679738
HzCpTisDL77AsbejDFRYZ	uROrIRcTN_abjbRWsyKwy	1236.2997	1235.2997	2025-08-03 05:52:18.766758	2025-08-03 05:52:18.766758
EGZTIJzwlXio9RtftESr3	uROrIRcTN_abjbRWsyKwy	1268.2135	1267.2135	2025-08-03 05:52:18.853383	2025-08-03 05:52:18.853383
3frL3X6sN53qFKig0HF4a	uROrIRcTN_abjbRWsyKwy	1292.1321	1291.1321	2025-08-03 05:52:18.940062	2025-08-03 05:52:18.940062
LMc1eFldfOJhc3sFQP-VT	uROrIRcTN_abjbRWsyKwy	1231.5257	1230.5257	2025-08-03 05:52:19.026479	2025-08-03 05:52:19.026479
T0qqm5vdaNlLdipeLZSH8	uROrIRcTN_abjbRWsyKwy	1265.3753	1264.3753	2025-08-03 05:52:19.115736	2025-08-03 05:52:19.115736
piR7Mt26RFFISDq0fMPcZ	uROrIRcTN_abjbRWsyKwy	1239.5221	1238.5221	2025-08-03 05:52:19.202424	2025-08-03 05:52:19.202424
1a3WwH6Zwlgdd86VU_3Si	uROrIRcTN_abjbRWsyKwy	1296.1072	1295.1072	2025-08-03 05:52:19.289385	2025-08-03 05:52:19.289385
PuWs8ZWxyH8rha6kVmtec	uROrIRcTN_abjbRWsyKwy	1237.0463	1236.0463	2025-08-03 05:52:19.376032	2025-08-03 05:52:19.376032
gVA4KrGNVv-RB-uz5EPXr	uROrIRcTN_abjbRWsyKwy	1256.7661	1255.7661	2025-08-03 05:52:19.463575	2025-08-03 05:52:19.463575
rhKacWJAUy9Esz6DMD8G7	uROrIRcTN_abjbRWsyKwy	1270.5922	1269.5922	2025-08-03 05:52:19.549869	2025-08-03 05:52:19.549869
NlaYy6xQ2V22hehHvb3c-	uROrIRcTN_abjbRWsyKwy	1289.4068	1288.4068	2025-08-03 05:52:19.636372	2025-08-03 05:52:19.636372
VZo6KSvxdoUYYHQ75IWPR	uROrIRcTN_abjbRWsyKwy	1300.3071	1299.3071	2025-08-03 05:52:19.723124	2025-08-03 05:52:19.723124
SDZrV7exA0rWSfPes76th	uROrIRcTN_abjbRWsyKwy	1250.0137	1249.0137	2025-08-03 05:52:19.808576	2025-08-03 05:52:19.808576
irXKbKetaoQ5onfqzXgFq	uROrIRcTN_abjbRWsyKwy	1293.6479	1292.6479	2025-08-03 05:52:19.895818	2025-08-03 05:52:19.895818
hOHIyAAFDICOX19mFYy-n	uROrIRcTN_abjbRWsyKwy	1253.4042	1252.4042	2025-08-03 05:52:19.981564	2025-08-03 05:52:19.981564
XC6BTH7_wzAmsGDVjwTvG	uROrIRcTN_abjbRWsyKwy	1233.1338	1232.1338	2025-08-03 05:52:20.067769	2025-08-03 05:52:20.067769
FDxZpfq4Huq3HUxXco1gD	uROrIRcTN_abjbRWsyKwy	1213.4540	1212.4540	2025-08-03 05:52:20.154942	2025-08-03 05:52:20.154942
XGJ7U4BvWXgCAZXpTjt0W	uROrIRcTN_abjbRWsyKwy	1248.9015	1247.9015	2025-08-03 05:52:20.242284	2025-08-03 05:52:20.242284
aDRBBv__HKfutWQFw_eCR	uROrIRcTN_abjbRWsyKwy	1286.2770	1285.2770	2025-08-03 05:52:20.330011	2025-08-03 05:52:20.330011
INCvmotNnxxlwwqyRk60Z	uROrIRcTN_abjbRWsyKwy	1251.1196	1250.1196	2025-08-03 05:52:20.422198	2025-08-03 05:52:20.422198
AgpOI_mx5r7tNB-t4M2KY	uROrIRcTN_abjbRWsyKwy	1230.4414	1229.4414	2025-08-03 05:52:20.509857	2025-08-03 05:52:20.509857
NQrDXl49gNOY2dkPS-7PM	uROrIRcTN_abjbRWsyKwy	1238.9137	1237.9137	2025-08-03 05:52:20.597793	2025-08-03 05:52:20.597793
fKlXgRnumjxkziF6dvjnH	uROrIRcTN_abjbRWsyKwy	1288.9572	1287.9572	2025-08-03 05:52:20.684161	2025-08-03 05:52:20.684161
GkOtzfug9xjQCvxmP5syO	uROrIRcTN_abjbRWsyKwy	1263.2188	1262.2188	2025-08-03 05:52:20.770631	2025-08-03 05:52:20.770631
onoF8-D4OLaU4mWy3XK5M	uROrIRcTN_abjbRWsyKwy	1236.5396	1235.5396	2025-08-03 05:52:20.857172	2025-08-03 05:52:20.857172
HAPSv4sxuWUka1qqcvqsK	uROrIRcTN_abjbRWsyKwy	1281.1300	1280.1300	2025-08-03 05:52:20.94364	2025-08-03 05:52:20.94364
iGNGY07af1EWqVjCzLeH7	uROrIRcTN_abjbRWsyKwy	1276.3272	1275.3272	2025-08-03 05:52:21.030436	2025-08-03 05:52:21.030436
PBYaZSBu8w8IFWV57Pelg	uROrIRcTN_abjbRWsyKwy	1295.8687	1294.8687	2025-08-03 05:52:21.207039	2025-08-03 05:52:21.207039
wq12HBongRh90yRFSCreU	uROrIRcTN_abjbRWsyKwy	1221.1885	1220.1885	2025-08-03 05:52:21.293676	2025-08-03 05:52:21.293676
w-WNIwEYvLanptMY2-TJS	uROrIRcTN_abjbRWsyKwy	1263.3784	1262.3784	2025-08-03 05:52:21.381321	2025-08-03 05:52:21.381321
sssmSFoumxpVzB3Pjoon6	uROrIRcTN_abjbRWsyKwy	1261.6749	1260.6749	2025-08-03 05:52:21.468034	2025-08-03 05:52:21.468034
PK31ucqAsNOcQuN1FCCdK	uROrIRcTN_abjbRWsyKwy	1240.5602	1239.5602	2025-08-03 05:52:21.554819	2025-08-03 05:52:21.554819
2BZshuzZOvXH13mMEHMoB	uROrIRcTN_abjbRWsyKwy	1290.4572	1289.4572	2025-08-03 05:52:21.640858	2025-08-03 05:52:21.640858
fr4bTNkYlgtzzjfVIZZyv	uROrIRcTN_abjbRWsyKwy	1283.3808	1282.3808	2025-08-03 05:52:21.726363	2025-08-03 05:52:21.726363
KHxFnbUa1DbOAcZWzZzDy	uROrIRcTN_abjbRWsyKwy	1216.4089	1215.4089	2025-08-03 05:52:21.813132	2025-08-03 05:52:21.813132
QWXV8cKbRCzAXF3PJNddB	uROrIRcTN_abjbRWsyKwy	1248.8860	1247.8860	2025-08-03 05:52:21.900759	2025-08-03 05:52:21.900759
pm-tKO5H-Ed66H7V9HTGb	uROrIRcTN_abjbRWsyKwy	1229.6847	1228.6847	2025-08-03 05:52:21.99	2025-08-03 05:52:21.99
ZzuQElociZURZ5b7nomUB	uROrIRcTN_abjbRWsyKwy	1245.0921	1244.0921	2025-08-03 05:52:22.076755	2025-08-03 05:52:22.076755
2WxqP1cfUKNWnHnXrYnDL	uROrIRcTN_abjbRWsyKwy	1257.5451	1256.5451	2025-08-03 05:52:22.163858	2025-08-03 05:52:22.163858
DXP29KxA8cMR_cQ6zgTwZ	uROrIRcTN_abjbRWsyKwy	1223.9916	1222.9916	2025-08-03 05:52:22.251828	2025-08-03 05:52:22.251828
4gEIj68FyQ-OsAkeuhZcw	uROrIRcTN_abjbRWsyKwy	1212.6854	1211.6854	2025-08-03 05:52:22.337762	2025-08-03 05:52:22.337762
M9g7EjSto7eUuXlErJskP	uROrIRcTN_abjbRWsyKwy	1281.4319	1280.4319	2025-08-03 05:52:22.450593	2025-08-03 05:52:22.450593
GPtcayPL37XjFlcm_iJVF	uROrIRcTN_abjbRWsyKwy	1256.7796	1255.7796	2025-08-03 05:52:22.537248	2025-08-03 05:52:22.537248
i-6D8Tp4LlVAlzG2yKdVt	uROrIRcTN_abjbRWsyKwy	1201.8961	1200.8961	2025-08-03 05:52:22.623643	2025-08-03 05:52:22.623643
_e074mUJ9LIUoaxeLrN9q	uROrIRcTN_abjbRWsyKwy	1276.6921	1275.6921	2025-08-03 05:52:22.73168	2025-08-03 05:52:22.73168
4PVSKT2RtsZ3qVyw3KVxy	uROrIRcTN_abjbRWsyKwy	1296.4847	1295.4847	2025-08-03 05:52:22.818067	2025-08-03 05:52:22.818067
PTR7n6G9fNPmCFESHl7Kr	uROrIRcTN_abjbRWsyKwy	1284.1612	1283.1612	2025-08-03 05:52:22.904522	2025-08-03 05:52:22.904522
sQlwlbVHv6adwz8o46kyf	uROrIRcTN_abjbRWsyKwy	1244.5392	1243.5392	2025-08-03 05:52:22.991254	2025-08-03 05:52:22.991254
Sauhg5KnmL8s0p4MNfu_e	uROrIRcTN_abjbRWsyKwy	1255.4306	1254.4306	2025-08-03 05:52:23.077627	2025-08-03 05:52:23.077627
P0-wgg3jj9dXFgxbDVjDn	uROrIRcTN_abjbRWsyKwy	1221.5039	1220.5039	2025-08-03 05:52:23.163936	2025-08-03 05:52:23.163936
AfgOVuPfQdm2bInQPIOwp	uROrIRcTN_abjbRWsyKwy	1224.9220	1223.9220	2025-08-03 05:52:23.250117	2025-08-03 05:52:23.250117
FPlhLAO35bhu5N4dE7oe5	uROrIRcTN_abjbRWsyKwy	1252.5838	1251.5838	2025-08-03 05:52:23.336855	2025-08-03 05:52:23.336855
Kut-rmpfNxtWIkhiSt3xo	uROrIRcTN_abjbRWsyKwy	1257.2000	1256.2000	2025-08-03 05:52:23.426868	2025-08-03 05:52:23.426868
we2uZvyUTMTOYSCkN84td	uROrIRcTN_abjbRWsyKwy	1256.2641	1255.2641	2025-08-03 05:52:23.514202	2025-08-03 05:52:23.514202
szTwlmQmRt4-LvtP7wgJi	uROrIRcTN_abjbRWsyKwy	1295.4372	1294.4372	2025-08-03 05:52:23.602131	2025-08-03 05:52:23.602131
1zXGGZiYuRcp2-lpq3dQ6	uROrIRcTN_abjbRWsyKwy	1267.4682	1266.4682	2025-08-03 05:52:23.688826	2025-08-03 05:52:23.688826
gWbMgwJlnaGsXSWNc94S5	uROrIRcTN_abjbRWsyKwy	1289.2915	1288.2915	2025-08-03 05:52:23.775609	2025-08-03 05:52:23.775609
lNNP6tqrlFQfbnbghvXSf	uROrIRcTN_abjbRWsyKwy	1275.0161	1274.0161	2025-08-03 05:52:23.862546	2025-08-03 05:52:23.862546
FaGCGUhGyAYipbitfrAJJ	uROrIRcTN_abjbRWsyKwy	1271.3733	1270.3733	2025-08-03 05:52:23.951194	2025-08-03 05:52:23.951194
SL220r8lx4_C0jO_Kgs0W	uROrIRcTN_abjbRWsyKwy	1296.5619	1295.5619	2025-08-03 05:52:24.038648	2025-08-03 05:52:24.038648
8v_8S9cJNFC_8dymLaBJf	uROrIRcTN_abjbRWsyKwy	1209.5917	1208.5917	2025-08-03 05:52:24.125495	2025-08-03 05:52:24.125495
61IPKZitDKlu44n5jsWJi	uROrIRcTN_abjbRWsyKwy	1264.5523	1263.5523	2025-08-03 05:52:24.212275	2025-08-03 05:52:24.212275
5xDhNVl0azMp1dmHOWVu7	uROrIRcTN_abjbRWsyKwy	1238.4996	1237.4996	2025-08-03 05:52:24.299318	2025-08-03 05:52:24.299318
B8N94Nh794M1hWIAzwmvf	uROrIRcTN_abjbRWsyKwy	1245.3879	1244.3879	2025-08-03 05:52:24.387058	2025-08-03 05:52:24.387058
XO9VMf4GnBhLQUtYpcSvj	uROrIRcTN_abjbRWsyKwy	1229.8148	1228.8148	2025-08-03 05:52:24.474288	2025-08-03 05:52:24.474288
uVwyiLsM9K3RD_0xmwkAQ	uROrIRcTN_abjbRWsyKwy	1205.2505	1204.2505	2025-08-03 05:52:24.56125	2025-08-03 05:52:24.56125
h5Xo1tbMgnLjf1K4_6iIs	uROrIRcTN_abjbRWsyKwy	1212.0350	1211.0350	2025-08-03 05:52:24.647979	2025-08-03 05:52:24.647979
xzRSxs2etz0CqEnl7OojS	uROrIRcTN_abjbRWsyKwy	1221.9374	1220.9374	2025-08-03 05:52:24.734696	2025-08-03 05:52:24.734696
9vpWWpfioi3G4pWgDRV6l	uROrIRcTN_abjbRWsyKwy	1236.7605	1235.7605	2025-08-03 05:52:24.822894	2025-08-03 05:52:24.822894
iGXTq2olV-rudGJKx-9Z-	uROrIRcTN_abjbRWsyKwy	1241.9913	1240.9913	2025-08-03 05:52:24.91444	2025-08-03 05:52:24.91444
RKzUJTXAB45zzRBhsVC_H	uROrIRcTN_abjbRWsyKwy	1222.8641	1221.8641	2025-08-03 05:52:25.001716	2025-08-03 05:52:25.001716
6dVWxVPsS2_hGJHZPJ8t5	uROrIRcTN_abjbRWsyKwy	1203.6880	1202.6880	2025-08-03 05:52:25.088578	2025-08-03 05:52:25.088578
rs6_fdgLBDxXxHhgAVcHn	uROrIRcTN_abjbRWsyKwy	1271.3343	1270.3343	2025-08-03 05:52:25.175094	2025-08-03 05:52:25.175094
mQEhN4eq_YYZrsK6RXj-1	uROrIRcTN_abjbRWsyKwy	1226.4966	1225.4966	2025-08-03 05:52:25.262309	2025-08-03 05:52:25.262309
X-8Azy81LIZv9T_MAJ4EA	uROrIRcTN_abjbRWsyKwy	1213.5965	1212.5965	2025-08-03 05:52:25.349697	2025-08-03 05:52:25.349697
lTS7PsoI537Vwv7vdKiv3	uROrIRcTN_abjbRWsyKwy	1272.1841	1271.1841	2025-08-03 05:52:25.436829	2025-08-03 05:52:25.436829
DHX3zXDzS7h_PfpDY25CK	uROrIRcTN_abjbRWsyKwy	1223.9639	1222.9639	2025-08-03 05:52:25.524682	2025-08-03 05:52:25.524682
EQBDeU_PbpDlsH8Zeijc_	uROrIRcTN_abjbRWsyKwy	1212.3223	1211.3223	2025-08-03 05:52:25.611317	2025-08-03 05:52:25.611317
6mSNzm4h-8jEZLOMWAoJv	uROrIRcTN_abjbRWsyKwy	1278.3192	1277.3192	2025-08-03 05:52:25.698112	2025-08-03 05:52:25.698112
NdNtg8G-iNpiVsmhht_8I	uROrIRcTN_abjbRWsyKwy	1213.3118	1212.3118	2025-08-03 05:52:25.784674	2025-08-03 05:52:25.784674
SgsmxodF-7SEK0xObX4K-	uROrIRcTN_abjbRWsyKwy	1233.8148	1232.8148	2025-08-03 05:52:25.872342	2025-08-03 05:52:25.872342
VqVt0oJCJCVzTnZMS18VF	uROrIRcTN_abjbRWsyKwy	1215.9524	1214.9524	2025-08-03 05:52:25.959111	2025-08-03 05:52:25.959111
oN0L5wQvDQex-rKkhaUw1	uROrIRcTN_abjbRWsyKwy	1240.3982	1239.3982	2025-08-03 05:52:26.045872	2025-08-03 05:52:26.045872
Ki8xovVah_drwFTOc5hzq	uROrIRcTN_abjbRWsyKwy	1242.8572	1241.8572	2025-08-03 05:52:26.132415	2025-08-03 05:52:26.132415
AEeDyhshkTwcpVvCgGbKS	uROrIRcTN_abjbRWsyKwy	1203.3663	1202.3663	2025-08-03 05:52:26.218884	2025-08-03 05:52:26.218884
A-v8H1zhWy8wxFd1zk1OY	uROrIRcTN_abjbRWsyKwy	1260.3446	1259.3446	2025-08-03 05:52:26.306318	2025-08-03 05:52:26.306318
sMT85-wXu9MsMTzlJjLYJ	uROrIRcTN_abjbRWsyKwy	1259.2337	1258.2337	2025-08-03 05:52:26.393732	2025-08-03 05:52:26.393732
k3EUnDarwl4KQP-ZNjrP-	uROrIRcTN_abjbRWsyKwy	1251.6636	1250.6636	2025-08-03 05:52:26.483488	2025-08-03 05:52:26.483488
6gKiZralHIHhOx5f0RoQp	uROrIRcTN_abjbRWsyKwy	1270.8675	1269.8675	2025-08-03 05:52:26.570667	2025-08-03 05:52:26.570667
r1RetWmIREHJXeka6fKxL	uROrIRcTN_abjbRWsyKwy	1263.3204	1262.3204	2025-08-03 05:52:26.656608	2025-08-03 05:52:26.656608
L-YmoR3nJEBDar9J7hayG	uROrIRcTN_abjbRWsyKwy	1277.7951	1276.7951	2025-08-03 05:52:26.74367	2025-08-03 05:52:26.74367
TTTYz4lG05nZjR2yDP33Q	uROrIRcTN_abjbRWsyKwy	1217.9839	1216.9839	2025-08-03 05:52:26.828584	2025-08-03 05:52:26.828584
0uwp44Xt_bTN9TRzE9v_2	uROrIRcTN_abjbRWsyKwy	1286.6442	1285.6442	2025-08-03 05:52:26.915503	2025-08-03 05:52:26.915503
pDPO4VFiDvYf_MQIFZdeV	uROrIRcTN_abjbRWsyKwy	1275.1870	1274.1870	2025-08-03 05:52:27.002155	2025-08-03 05:52:27.002155
J_yGcqaNU4oyNpN8onJ7w	uROrIRcTN_abjbRWsyKwy	1265.8069	1264.8069	2025-08-03 05:52:27.089032	2025-08-03 05:52:27.089032
--GzThm1AT73tcYYIbhmI	uROrIRcTN_abjbRWsyKwy	1282.7592	1281.7592	2025-08-03 05:52:27.175719	2025-08-03 05:52:27.175719
Nc1hFE35-BqEVdKWuAEpl	uROrIRcTN_abjbRWsyKwy	1274.5958	1273.5958	2025-08-03 05:52:27.263516	2025-08-03 05:52:27.263516
5QmwsS6GkgO0xl6b3bELF	uROrIRcTN_abjbRWsyKwy	1277.3192	1276.3192	2025-08-03 05:52:27.350018	2025-08-03 05:52:27.350018
LZyMiOpevnET65YPfPsr9	uROrIRcTN_abjbRWsyKwy	1265.6875	1264.6875	2025-08-03 05:52:27.482271	2025-08-03 05:52:27.482271
PS-4zOTYe3bWM85XhPJbT	uROrIRcTN_abjbRWsyKwy	1225.5659	1224.5659	2025-08-03 05:52:27.569467	2025-08-03 05:52:27.569467
inWp8WhRAXG-CAvolRFfr	uROrIRcTN_abjbRWsyKwy	1244.4759	1243.4759	2025-08-03 05:52:27.657998	2025-08-03 05:52:27.657998
4gMyjM5kxEMTXDKypAfcU	uROrIRcTN_abjbRWsyKwy	1293.6570	1292.6570	2025-08-03 05:52:27.746321	2025-08-03 05:52:27.746321
IMkvpcmZO9UG0YHF53-Os	uROrIRcTN_abjbRWsyKwy	1283.6114	1282.6114	2025-08-03 05:52:27.833444	2025-08-03 05:52:27.833444
z2g6M5wXmYhcrZWaXQ6Ng	uROrIRcTN_abjbRWsyKwy	1266.9105	1265.9105	2025-08-03 05:52:27.920105	2025-08-03 05:52:27.920105
Evq_LtpG3CDo3azU3zcXz	uROrIRcTN_abjbRWsyKwy	1214.4736	1213.4736	2025-08-03 05:52:28.006453	2025-08-03 05:52:28.006453
Ok2DV8ciTDlnYPXctj1hX	uROrIRcTN_abjbRWsyKwy	1242.2280	1241.2280	2025-08-03 05:52:28.093473	2025-08-03 05:52:28.093473
nBgR34ww5FiPVG2UhFl8k	uROrIRcTN_abjbRWsyKwy	1299.2277	1298.2277	2025-08-03 05:52:28.182459	2025-08-03 05:52:28.182459
nMwuRN0SfPgt9yc-vOSdm	uROrIRcTN_abjbRWsyKwy	1267.4839	1266.4839	2025-08-03 05:52:28.269804	2025-08-03 05:52:28.269804
7h2O8M79_ipc3s19CloYi	uROrIRcTN_abjbRWsyKwy	1255.7166	1254.7166	2025-08-03 05:52:28.357586	2025-08-03 05:52:28.357586
572TrLk5YdfV5TRj-SwQY	uROrIRcTN_abjbRWsyKwy	1219.7826	1218.7826	2025-08-03 05:52:28.443868	2025-08-03 05:52:28.443868
aOCQVwYHjG2pHBDPu3cFx	uROrIRcTN_abjbRWsyKwy	1215.5741	1214.5741	2025-08-03 05:52:28.529902	2025-08-03 05:52:28.529902
UWo2GZ0Yj2B3mvb6--4om	uROrIRcTN_abjbRWsyKwy	1247.1715	1246.1715	2025-08-03 05:52:28.616745	2025-08-03 05:52:28.616745
_hiE_4iuYkn7rMiVg1qXl	uROrIRcTN_abjbRWsyKwy	1205.5990	1204.5990	2025-08-03 05:52:28.70272	2025-08-03 05:52:28.70272
1WRvuIL1BmnI5FcRYWU6Z	uROrIRcTN_abjbRWsyKwy	1259.4558	1258.4558	2025-08-03 05:52:28.790293	2025-08-03 05:52:28.790293
hndaMipDAXomLtD4sD0tv	uROrIRcTN_abjbRWsyKwy	1213.1496	1212.1496	2025-08-03 05:52:28.876839	2025-08-03 05:52:28.876839
cH6TlnC7u9yT2zMK-BanM	uROrIRcTN_abjbRWsyKwy	1228.7665	1227.7665	2025-08-03 05:52:28.963482	2025-08-03 05:52:28.963482
_GkVnE2EJeVA-bndUrbbk	uROrIRcTN_abjbRWsyKwy	1265.3399	1264.3399	2025-08-03 05:52:29.050575	2025-08-03 05:52:29.050575
y4zdiZWOz-UjfvKProUkC	uROrIRcTN_abjbRWsyKwy	1255.0771	1254.0771	2025-08-03 05:52:29.144636	2025-08-03 05:52:29.144636
9rKoelCrSxfcA5FcfOmqF	uROrIRcTN_abjbRWsyKwy	1291.8426	1290.8426	2025-08-03 05:52:29.2313	2025-08-03 05:52:29.2313
5P8MsnL2ea7bfTeVhjyqa	uROrIRcTN_abjbRWsyKwy	1216.8556	1215.8556	2025-08-03 05:52:29.318213	2025-08-03 05:52:29.318213
jjWmOOR1VXpT4JdnNVgOG	uROrIRcTN_abjbRWsyKwy	1242.4073	1241.4073	2025-08-03 05:52:29.405032	2025-08-03 05:52:29.405032
eMvTOK0FMFCHRgfmJSU14	uROrIRcTN_abjbRWsyKwy	1211.5808	1210.5808	2025-08-03 05:52:29.494695	2025-08-03 05:52:29.494695
FqXAXbpNrtVpQ0D0QgRk_	uROrIRcTN_abjbRWsyKwy	1201.4498	1200.4498	2025-08-03 05:52:29.582177	2025-08-03 05:52:29.582177
uRZij8At3VwBcQIa_rHFt	uROrIRcTN_abjbRWsyKwy	1200.9936	1199.9936	2025-08-03 05:52:29.672437	2025-08-03 05:52:29.672437
BU6Ijnp-1jknLMLUfA08o	uROrIRcTN_abjbRWsyKwy	1228.4199	1227.4199	2025-08-03 05:52:29.761868	2025-08-03 05:52:29.761868
O4TsX-jXpmO82dOF_iMKv	uROrIRcTN_abjbRWsyKwy	1232.1390	1231.1390	2025-08-03 05:52:29.848888	2025-08-03 05:52:29.848888
R3HXvFVXeTCWSEmfZBLo-	uROrIRcTN_abjbRWsyKwy	1221.9028	1220.9028	2025-08-03 05:52:29.93921	2025-08-03 05:52:29.93921
jlauBIiFg3EIcS8FI2A3a	uROrIRcTN_abjbRWsyKwy	1299.1081	1298.1081	2025-08-03 05:52:30.028944	2025-08-03 05:52:30.028944
5OY6mIyoT-uy5NT_NhIoj	uROrIRcTN_abjbRWsyKwy	1299.7599	1298.7599	2025-08-03 05:52:30.117037	2025-08-03 05:52:30.117037
c_GtUu7LUWUNnM9LWoW86	uROrIRcTN_abjbRWsyKwy	1279.3202	1278.3202	2025-08-03 05:52:30.209906	2025-08-03 05:52:30.209906
WIIxoauUXZUz8g6QfH1Vv	uROrIRcTN_abjbRWsyKwy	1212.9254	1211.9254	2025-08-03 05:52:30.296134	2025-08-03 05:52:30.296134
d-75IcO_ATN58qj3NopOO	uROrIRcTN_abjbRWsyKwy	1204.0430	1203.0430	2025-08-03 05:52:30.385039	2025-08-03 05:52:30.385039
GzlfN8NMMd2L8yKDE-rpz	uROrIRcTN_abjbRWsyKwy	1295.9597	1294.9597	2025-08-03 05:52:30.473463	2025-08-03 05:52:30.473463
QceeIeKAGF5UlSKQvxqpX	uROrIRcTN_abjbRWsyKwy	1258.8891	1257.8891	2025-08-03 05:52:30.561128	2025-08-03 05:52:30.561128
hbxl9wMz3PEf3TiuAPOZm	uROrIRcTN_abjbRWsyKwy	1223.8375	1222.8375	2025-08-03 05:52:30.679374	2025-08-03 05:52:30.679374
PMP6KR851DYmltibF5kh0	uROrIRcTN_abjbRWsyKwy	1248.6940	1247.6940	2025-08-03 05:52:31.669278	2025-08-03 05:52:31.669278
y3F3xbW6l521R7ly7OBQN	uROrIRcTN_abjbRWsyKwy	1288.0894	1287.0894	2025-08-03 05:52:32.010213	2025-08-03 05:52:32.010213
ugHULSCJsyCLpui8tTcHj	uROrIRcTN_abjbRWsyKwy	1292.9393	1291.9393	2025-08-03 05:52:32.096503	2025-08-03 05:52:32.096503
vZ2rsywExPMMsZlUmbFtx	uROrIRcTN_abjbRWsyKwy	1279.5170	1278.5170	2025-08-03 05:52:32.192057	2025-08-03 05:52:32.192057
kga8jNFCEz0Skdo71KfEj	uROrIRcTN_abjbRWsyKwy	1243.5049	1242.5049	2025-08-03 05:52:32.278611	2025-08-03 05:52:32.278611
kOxIyWEVmasFkgTNZ9ydZ	uROrIRcTN_abjbRWsyKwy	1289.6475	1288.6475	2025-08-03 05:52:32.366818	2025-08-03 05:52:32.366818
lXJSC4SQOIz-4CPoJFP_q	uROrIRcTN_abjbRWsyKwy	1207.5234	1206.5234	2025-08-03 05:52:32.463763	2025-08-03 05:52:32.463763
UisdFEB0qPNyFthpZQGGc	uROrIRcTN_abjbRWsyKwy	1293.1999	1292.1999	2025-08-03 05:52:32.548498	2025-08-03 05:52:32.548498
TA2Cm2-NMJPpJDLnOZPcK	uROrIRcTN_abjbRWsyKwy	1282.9254	1281.9254	2025-08-03 05:52:32.635696	2025-08-03 05:52:32.635696
riKysiyLBFaJ62lHBUlIR	uROrIRcTN_abjbRWsyKwy	1228.1935	1227.1935	2025-08-03 05:52:32.724185	2025-08-03 05:52:32.724185
Qxm_X3VOK4JGh4RE2xLm2	uROrIRcTN_abjbRWsyKwy	1277.3876	1276.3876	2025-08-03 05:52:32.812747	2025-08-03 05:52:32.812747
ALzW4GmSDpc210qagmL4f	uROrIRcTN_abjbRWsyKwy	1251.4115	1250.4115	2025-08-03 05:52:32.899788	2025-08-03 05:52:32.899788
nXvT4rB9M_Glap9dRG9Ko	uROrIRcTN_abjbRWsyKwy	1280.2782	1279.2782	2025-08-03 05:52:32.988073	2025-08-03 05:52:32.988073
0oJhBzZXRT4W6xsFimGuG	uROrIRcTN_abjbRWsyKwy	1272.3518	1271.3518	2025-08-03 05:52:33.076508	2025-08-03 05:52:33.076508
F-V13Md5MHzpoZjvRBTBh	uROrIRcTN_abjbRWsyKwy	1203.5171	1202.5171	2025-08-03 05:52:33.1632	2025-08-03 05:52:33.1632
kCLAv4iHQlsCy2wam7KqH	uROrIRcTN_abjbRWsyKwy	1204.3036	1203.3036	2025-08-03 05:52:33.25464	2025-08-03 05:52:33.25464
R7yLjvCBIjbs5Q24vsvH8	uROrIRcTN_abjbRWsyKwy	1267.2494	1266.2494	2025-08-03 05:52:33.342076	2025-08-03 05:52:33.342076
836kh1sBoTaYyCTo99tnD	uROrIRcTN_abjbRWsyKwy	1296.2020	1295.2020	2025-08-03 05:52:33.43401	2025-08-03 05:52:33.43401
w_9GPHq03tk2HBmgJJIZC	uROrIRcTN_abjbRWsyKwy	1297.8461	1296.8461	2025-08-03 05:52:33.5216	2025-08-03 05:52:33.5216
c-rC9acc8Adm9KhFkqBAQ	uROrIRcTN_abjbRWsyKwy	1270.1436	1269.1436	2025-08-03 05:52:33.613888	2025-08-03 05:52:33.613888
_M-T6acK7D3UKNV5UgUvW	uROrIRcTN_abjbRWsyKwy	1255.5976	1254.5976	2025-08-03 05:52:33.699675	2025-08-03 05:52:33.699675
yJMCvuQWSTAvc5-b2PTIn	uROrIRcTN_abjbRWsyKwy	1217.9582	1216.9582	2025-08-03 05:52:33.819595	2025-08-03 05:52:33.819595
GpDzgpAVWP-R1AJ3G552p	uROrIRcTN_abjbRWsyKwy	1274.4985	1273.4985	2025-08-03 05:52:33.906111	2025-08-03 05:52:33.906111
BSom8rBzr_gTs1dr6vy93	uROrIRcTN_abjbRWsyKwy	1237.5761	1236.5761	2025-08-03 05:52:33.99872	2025-08-03 05:52:33.99872
Aw-RreLjwiawClkSawqMS	uROrIRcTN_abjbRWsyKwy	1256.7697	1255.7697	2025-08-03 05:52:34.085874	2025-08-03 05:52:34.085874
_FpnelzGWRqeuu3Wobobe	uROrIRcTN_abjbRWsyKwy	1248.0496	1247.0496	2025-08-03 05:52:34.172947	2025-08-03 05:52:34.172947
XTbhmLG_37A1fdmiqcKB-	uROrIRcTN_abjbRWsyKwy	1239.4480	1238.4480	2025-08-03 05:52:34.263224	2025-08-03 05:52:34.263224
HZQe0KkRDe20JyLwmL09v	uROrIRcTN_abjbRWsyKwy	1232.3668	1231.3668	2025-08-03 05:52:34.350295	2025-08-03 05:52:34.350295
AI9AfQXWU4BMSzEnZPnY6	uROrIRcTN_abjbRWsyKwy	1254.6082	1253.6082	2025-08-03 05:52:34.437154	2025-08-03 05:52:34.437154
xf596lcM1HNGSGW4KzENR	uROrIRcTN_abjbRWsyKwy	1233.2321	1232.2321	2025-08-03 05:52:34.525434	2025-08-03 05:52:34.525434
srsdE4R4FLVUY6Kvf8ruz	uROrIRcTN_abjbRWsyKwy	1201.5833	1200.5833	2025-08-03 05:52:34.611947	2025-08-03 05:52:34.611947
mEvLOBoAWZ6P3lj2fEMIQ	uROrIRcTN_abjbRWsyKwy	1280.4933	1279.4933	2025-08-03 05:52:34.69783	2025-08-03 05:52:34.69783
z8IRJVeJn7BBTIat4ZVUr	uROrIRcTN_abjbRWsyKwy	1258.7565	1257.7565	2025-08-03 05:52:34.784395	2025-08-03 05:52:34.784395
DkloUYkPpAEmpVEHo5hG0	uROrIRcTN_abjbRWsyKwy	1281.0634	1280.0634	2025-08-03 05:52:34.871618	2025-08-03 05:52:34.871618
X8XZ8q3HCGRa3OdEg3jnS	uROrIRcTN_abjbRWsyKwy	1278.4789	1277.4789	2025-08-03 05:52:34.958332	2025-08-03 05:52:34.958332
DEBdJGoQRvJ9-6DJA8m2u	uROrIRcTN_abjbRWsyKwy	1212.0755	1211.0755	2025-08-03 05:52:35.045181	2025-08-03 05:52:35.045181
dUUfkjyu20slg53cFaD8K	uROrIRcTN_abjbRWsyKwy	1245.9030	1244.9030	2025-08-03 05:52:35.130505	2025-08-03 05:52:35.130505
vOltZn-d0corLhLPF6r_5	uROrIRcTN_abjbRWsyKwy	1274.4205	1273.4205	2025-08-03 05:52:35.217718	2025-08-03 05:52:35.217718
rMepbHiHM4bPZfXEUPiHe	uROrIRcTN_abjbRWsyKwy	1266.3608	1265.3608	2025-08-03 05:52:35.305044	2025-08-03 05:52:35.305044
27rUzdJyGicEgr2-JtCIo	uROrIRcTN_abjbRWsyKwy	1294.8611	1293.8611	2025-08-03 05:52:35.39179	2025-08-03 05:52:35.39179
i84lKusaNRMx12iDwjbhc	uROrIRcTN_abjbRWsyKwy	1222.1753	1221.1753	2025-08-03 05:52:35.477473	2025-08-03 05:52:35.477473
Jqt1reY1fEDZ4hX9o3dfh	uROrIRcTN_abjbRWsyKwy	1299.8310	1298.8310	2025-08-03 05:52:35.564126	2025-08-03 05:52:35.564126
otiUiZm_t07KCs-_74uTT	uROrIRcTN_abjbRWsyKwy	1259.9910	1258.9910	2025-08-03 05:52:35.650949	2025-08-03 05:52:35.650949
03CnRc61N-CJFQEApT8WV	uROrIRcTN_abjbRWsyKwy	1274.3232	1273.3232	2025-08-03 05:52:35.7368	2025-08-03 05:52:35.7368
nzo0UpYrMlo8iCVicU7bF	uROrIRcTN_abjbRWsyKwy	1256.1814	1255.1814	2025-08-03 05:52:35.822463	2025-08-03 05:52:35.822463
9AEpV9mIt-hbEXPT0SQj6	uROrIRcTN_abjbRWsyKwy	1211.5087	1210.5087	2025-08-03 05:52:35.912471	2025-08-03 05:52:35.912471
ELEGMnPKdZqOVLz-VTj1V	uROrIRcTN_abjbRWsyKwy	1295.7704	1294.7704	2025-08-03 05:52:35.998982	2025-08-03 05:52:35.998982
cP7DTOe9EpqPMrdivHFfi	uROrIRcTN_abjbRWsyKwy	1206.4198	1205.4198	2025-08-03 05:52:36.085426	2025-08-03 05:52:36.085426
2kXF6eWJKyWVsTYovoYyN	uROrIRcTN_abjbRWsyKwy	1296.9040	1295.9040	2025-08-03 05:52:36.171753	2025-08-03 05:52:36.171753
1wXUEQ6Tt7XkYjHhS-mY0	uROrIRcTN_abjbRWsyKwy	1204.4259	1203.4259	2025-08-03 05:52:36.258565	2025-08-03 05:52:36.258565
QoBK0x6Ydfw0Aw5de1D-I	uROrIRcTN_abjbRWsyKwy	1261.2169	1260.2169	2025-08-03 05:52:36.345311	2025-08-03 05:52:36.345311
c1XHdraDkFVPenc9Xl1c5	uROrIRcTN_abjbRWsyKwy	1227.3020	1226.3020	2025-08-03 05:52:36.432465	2025-08-03 05:52:36.432465
2Y08R7KNHUR_-HhkkKcsP	uROrIRcTN_abjbRWsyKwy	1266.2822	1265.2822	2025-08-03 05:52:36.609526	2025-08-03 05:52:36.609526
j6e_9C0F41MlD8oCCtd66	uROrIRcTN_abjbRWsyKwy	1207.3610	1206.3610	2025-08-03 05:52:36.696502	2025-08-03 05:52:36.696502
0XQyYpRx5b_N4UEDJrfxi	uROrIRcTN_abjbRWsyKwy	1216.3456	1215.3456	2025-08-03 05:57:00.594385	2025-08-03 05:57:00.594385
8Z921SleweSXuG2HPqKJV	uROrIRcTN_abjbRWsyKwy	1225.7778	1224.7778	2025-08-03 05:57:00.68201	2025-08-03 05:57:00.68201
RajC3nM5dRaZw0UfIMGch	uROrIRcTN_abjbRWsyKwy	1221.7815	1220.7815	2025-08-03 05:57:00.814615	2025-08-03 05:57:00.814615
hgjkFr37Ew7L_5dcLq77o	uROrIRcTN_abjbRWsyKwy	1246.6975	1245.6975	2025-08-03 05:57:00.901133	2025-08-03 05:57:00.901133
pvLz0ZwQ7MtnY-8clxAeM	uROrIRcTN_abjbRWsyKwy	1211.3393	1210.3393	2025-08-03 05:57:00.98629	2025-08-03 05:57:00.98629
6S3OMC2Yls22xKflluXnB	uROrIRcTN_abjbRWsyKwy	1234.3939	1233.3939	2025-08-03 05:57:01.071814	2025-08-03 05:57:01.071814
HMOH0SIoagiGtQb4cMhTo	uROrIRcTN_abjbRWsyKwy	1255.7415	1254.7415	2025-08-03 05:57:01.157643	2025-08-03 05:57:01.157643
PM4Rw59WcQ2yUoahrB_nx	uROrIRcTN_abjbRWsyKwy	1234.6707	1233.6707	2025-08-03 05:57:01.242814	2025-08-03 05:57:01.242814
gWw73jm4t4oSHjHszxJ4I	uROrIRcTN_abjbRWsyKwy	1217.8675	1216.8675	2025-08-03 05:57:01.327833	2025-08-03 05:57:01.327833
RzyKwYyJ3wKaX6xbUdXMo	uROrIRcTN_abjbRWsyKwy	1245.2109	1244.2109	2025-08-03 05:57:01.414073	2025-08-03 05:57:01.414073
3Tnq3CZrBsm30UTaAVtfD	uROrIRcTN_abjbRWsyKwy	1224.6651	1223.6651	2025-08-03 05:57:01.499647	2025-08-03 05:57:01.499647
8KJxNslUeUNiWCIRUZUNp	uROrIRcTN_abjbRWsyKwy	1269.3863	1268.3863	2025-08-03 05:57:01.586168	2025-08-03 05:57:01.586168
OTFlBy2f-bgDApl9LGIpK	uROrIRcTN_abjbRWsyKwy	1203.3739	1202.3739	2025-08-03 05:57:01.673253	2025-08-03 05:57:01.673253
M_b11GCo5J2ufC2HqKzgu	uROrIRcTN_abjbRWsyKwy	1236.9075	1235.9075	2025-08-03 05:57:01.758727	2025-08-03 05:57:01.758727
TqPywjk6FbYAuXcsErRbX	uROrIRcTN_abjbRWsyKwy	1219.5431	1218.5431	2025-08-03 05:57:01.844652	2025-08-03 05:57:01.844652
Ejv2V56QCi3BMXGVks3U4	uROrIRcTN_abjbRWsyKwy	1264.4649	1263.4649	2025-08-03 05:57:01.929682	2025-08-03 05:57:01.929682
HPOwxHEfa6BqkK2YIzXeH	uROrIRcTN_abjbRWsyKwy	1266.2384	1265.2384	2025-08-03 05:57:02.014566	2025-08-03 05:57:02.014566
qssZGY7Pie8ywIHEDe4Sp	uROrIRcTN_abjbRWsyKwy	1204.2525	1203.2525	2025-08-03 05:57:02.100732	2025-08-03 05:57:02.100732
2JlCmYtwLbKnGhZ4kBV35	uROrIRcTN_abjbRWsyKwy	1266.5954	1265.5954	2025-08-03 05:57:02.187669	2025-08-03 05:57:02.187669
8MyUDNHxCgMtNM0AmtYR2	uROrIRcTN_abjbRWsyKwy	1232.0389	1231.0389	2025-08-03 05:57:02.273797	2025-08-03 05:57:02.273797
c3hAi64SM__VJDLDPVjjO	uROrIRcTN_abjbRWsyKwy	1247.8169	1246.8169	2025-08-03 05:57:02.359341	2025-08-03 05:57:02.359341
yiblfYKWtgTMJpCfimqAY	uROrIRcTN_abjbRWsyKwy	1250.4346	1249.4346	2025-08-03 05:57:02.445103	2025-08-03 05:57:02.445103
cQxKpC3EgR4PdOR0igTpC	uROrIRcTN_abjbRWsyKwy	1297.5183	1296.5183	2025-08-03 05:57:02.531365	2025-08-03 05:57:02.531365
jk47SPUReS__JiA9XzR0z	uROrIRcTN_abjbRWsyKwy	1291.2322	1290.2322	2025-08-03 05:57:02.617264	2025-08-03 05:57:02.617264
giPUa5hwF4hUautpesoLg	uROrIRcTN_abjbRWsyKwy	1284.2821	1283.2821	2025-08-03 05:57:02.703009	2025-08-03 05:57:02.703009
WOeFJCLhCwGaNFULnmEaL	uROrIRcTN_abjbRWsyKwy	1203.0909	1202.0909	2025-08-03 05:57:02.79065	2025-08-03 05:57:02.79065
Tf4z9RRJjH49P67_cPUSo	uROrIRcTN_abjbRWsyKwy	1270.5191	1269.5191	2025-08-03 05:57:02.88139	2025-08-03 05:57:02.88139
hp__Lhngv13zW0PzxqxWP	uROrIRcTN_abjbRWsyKwy	1223.5014	1222.5014	2025-08-03 05:57:02.967112	2025-08-03 05:57:02.967112
ucKnRxzflQk8NfSQVGxG3	uROrIRcTN_abjbRWsyKwy	1228.5448	1227.5448	2025-08-03 05:57:03.053234	2025-08-03 05:57:03.053234
qmKrzeqmF-Qfgt23mQGal	uROrIRcTN_abjbRWsyKwy	1226.7661	1225.7661	2025-08-03 05:57:03.139043	2025-08-03 05:57:03.139043
T0OwuBNwaO_X0RDcGKqHN	uROrIRcTN_abjbRWsyKwy	1261.3206	1260.3206	2025-08-03 05:57:03.225413	2025-08-03 05:57:03.225413
XH5Nf0SIuVJaNOkagrDgh	uROrIRcTN_abjbRWsyKwy	1297.5032	1296.5032	2025-08-03 05:57:03.310783	2025-08-03 05:57:03.310783
Kkqu01xDYT5XUZVggMQYV	uROrIRcTN_abjbRWsyKwy	1290.2757	1289.2757	2025-08-03 05:57:03.39728	2025-08-03 05:57:03.39728
1vgnUSHlw6NXXefC68nxt	uROrIRcTN_abjbRWsyKwy	1298.9048	1297.9048	2025-08-03 05:57:03.485396	2025-08-03 05:57:03.485396
BIiu436hNKmiV0xsNzTJG	uROrIRcTN_abjbRWsyKwy	1228.3341	1227.3341	2025-08-03 05:57:03.572196	2025-08-03 05:57:03.572196
FzKBM8zGAKIddvVjg431w	uROrIRcTN_abjbRWsyKwy	1235.3914	1234.3914	2025-08-03 05:57:03.656769	2025-08-03 05:57:03.656769
G5fuafofftZjC5kgcojgI	uROrIRcTN_abjbRWsyKwy	1297.4871	1296.4871	2025-08-03 05:57:03.742501	2025-08-03 05:57:03.742501
LruVejoIJG97ClCTvohUx	uROrIRcTN_abjbRWsyKwy	1246.0994	1245.0994	2025-08-03 05:57:03.827326	2025-08-03 05:57:03.827326
OjLsbyVyiZqJhUBPYAeBV	uROrIRcTN_abjbRWsyKwy	1235.7513	1234.7513	2025-08-03 05:57:03.913362	2025-08-03 05:57:03.913362
gkaLxyB-9VRWIgdkQTJjx	uROrIRcTN_abjbRWsyKwy	1296.5420	1295.5420	2025-08-03 05:57:03.998902	2025-08-03 05:57:03.998902
wHse868zXE2QeWFDBaZ2r	uROrIRcTN_abjbRWsyKwy	1281.9179	1280.9179	2025-08-03 05:57:04.084577	2025-08-03 05:57:04.084577
JYEib5PoGm1FfEV7mqTYz	uROrIRcTN_abjbRWsyKwy	1229.0241	1228.0241	2025-08-03 05:57:04.16949	2025-08-03 05:57:04.16949
RUZ4iiZFhmjBwDlfRWhnF	uROrIRcTN_abjbRWsyKwy	1239.8037	1238.8037	2025-08-03 05:57:04.255784	2025-08-03 05:57:04.255784
i4bs892c6gLsAbIodQjAz	uROrIRcTN_abjbRWsyKwy	1202.9902	1201.9902	2025-08-03 05:57:04.340674	2025-08-03 05:57:04.340674
AkmSR6VJAC3W5zqTwEVpi	uROrIRcTN_abjbRWsyKwy	1294.0138	1293.0138	2025-08-03 05:57:04.426479	2025-08-03 05:57:04.426479
0sel6iCk-_dYNz-TpEeWY	uROrIRcTN_abjbRWsyKwy	1299.9159	1298.9159	2025-08-03 05:57:04.514664	2025-08-03 05:57:04.514664
LNozc-ehWRpjh7MNBn34G	uROrIRcTN_abjbRWsyKwy	1271.4980	1270.4980	2025-08-03 05:57:04.600328	2025-08-03 05:57:04.600328
pUZEx3AGc6ys9whXPFfWw	uROrIRcTN_abjbRWsyKwy	1211.3669	1210.3669	2025-08-03 05:57:04.685153	2025-08-03 05:57:04.685153
2onbJl4Fohgzb4lAv2eCg	uROrIRcTN_abjbRWsyKwy	1233.1736	1232.1736	2025-08-03 05:57:04.770801	2025-08-03 05:57:04.770801
ladLdO7KDOsH3BgHRu55s	uROrIRcTN_abjbRWsyKwy	1214.4754	1213.4754	2025-08-03 05:57:04.85671	2025-08-03 05:57:04.85671
cXOzLT3Zg5yuuh0Ahv8GI	uROrIRcTN_abjbRWsyKwy	1211.3809	1210.3809	2025-08-03 05:57:04.941237	2025-08-03 05:57:04.941237
RTiuxOvgPTT1qgTBfClEZ	uROrIRcTN_abjbRWsyKwy	1261.7116	1260.7116	2025-08-03 05:57:05.026933	2025-08-03 05:57:05.026933
ObEqOKGqoaU4vs5HWuyqV	uROrIRcTN_abjbRWsyKwy	1257.8386	1256.8386	2025-08-03 05:57:05.111853	2025-08-03 05:57:05.111853
a9hdzn6nfQJjVLac61tHG	uROrIRcTN_abjbRWsyKwy	1241.8064	1240.8064	2025-08-03 05:57:05.197722	2025-08-03 05:57:05.197722
vQvJL2K62af3_pYbzxCY5	uROrIRcTN_abjbRWsyKwy	1228.8904	1227.8904	2025-08-03 05:57:05.283719	2025-08-03 05:57:05.283719
SLZKdHrsOSRiRswkpUcKo	uROrIRcTN_abjbRWsyKwy	1264.8117	1263.8117	2025-08-03 05:57:05.369684	2025-08-03 05:57:05.369684
VsHucAKxah_h7Z9yxWHYd	uROrIRcTN_abjbRWsyKwy	1227.0003	1226.0003	2025-08-03 05:57:05.455813	2025-08-03 05:57:05.455813
Oi33p5Gh_fv0ln9BgLQEg	uROrIRcTN_abjbRWsyKwy	1273.8315	1272.8315	2025-08-03 05:57:05.541427	2025-08-03 05:57:05.541427
pvXb0zfk8pjJmOowT25d1	uROrIRcTN_abjbRWsyKwy	1239.9941	1238.9941	2025-08-03 05:57:05.627171	2025-08-03 05:57:05.627171
lhN_5rjCU-aCZ4GTUN9rw	uROrIRcTN_abjbRWsyKwy	1268.0767	1267.0767	2025-08-03 05:57:05.712003	2025-08-03 05:57:05.712003
vEI2A67SAGEj_j66A68uj	uROrIRcTN_abjbRWsyKwy	1203.5189	1202.5189	2025-08-03 05:57:05.798163	2025-08-03 05:57:05.798163
qceMtQ_97BhmyamhmBBZI	uROrIRcTN_abjbRWsyKwy	1292.1502	1291.1502	2025-08-03 05:57:05.884476	2025-08-03 05:57:05.884476
Sf1A-SqHfYYU90L6RmwWV	uROrIRcTN_abjbRWsyKwy	1258.5887	1257.5887	2025-08-03 05:57:05.972042	2025-08-03 05:57:05.972042
NAa_cxJL_rTBxQp8Fmsxl	uROrIRcTN_abjbRWsyKwy	1273.2341	1272.2341	2025-08-03 05:57:06.057596	2025-08-03 05:57:06.057596
4u4QpSK2UwYHTk4umxRnj	uROrIRcTN_abjbRWsyKwy	1291.7530	1290.7530	2025-08-03 05:57:06.142214	2025-08-03 05:57:06.142214
bLkLtr-Kmm7h7plhIX5LL	uROrIRcTN_abjbRWsyKwy	1268.9614	1267.9614	2025-08-03 05:57:06.228587	2025-08-03 05:57:06.228587
p4r6NeZz0dpgrHwqx0nuT	uROrIRcTN_abjbRWsyKwy	1233.9362	1232.9362	2025-08-03 05:57:06.314121	2025-08-03 05:57:06.314121
n0aqlve3mph4WT48gEumt	uROrIRcTN_abjbRWsyKwy	1219.0923	1218.0923	2025-08-03 05:57:06.400064	2025-08-03 05:57:06.400064
mRsjn7Vk9zA5VjkKZon5-	uROrIRcTN_abjbRWsyKwy	1282.0405	1281.0405	2025-08-03 05:57:06.484847	2025-08-03 05:57:06.484847
i5JxGkJgCs1WNpz7Jv7hI	uROrIRcTN_abjbRWsyKwy	1210.1540	1209.1540	2025-08-03 05:57:06.570897	2025-08-03 05:57:06.570897
hazf4csytgV5NaDzhU-jd	uROrIRcTN_abjbRWsyKwy	1222.8408	1221.8408	2025-08-03 05:57:06.657651	2025-08-03 05:57:06.657651
gstAh9oV6UIAriU5ird_z	uROrIRcTN_abjbRWsyKwy	1276.5581	1275.5581	2025-08-03 05:57:06.743755	2025-08-03 05:57:06.743755
-q62cK2qqYZFT9R-KgueI	uROrIRcTN_abjbRWsyKwy	1232.0109	1231.0109	2025-08-03 05:57:06.82927	2025-08-03 05:57:06.82927
l10_Ni5xWXbx5KLwMkY0A	uROrIRcTN_abjbRWsyKwy	1268.6643	1267.6643	2025-08-03 05:57:06.915004	2025-08-03 05:57:06.915004
Wx_foVKBgA-lTpz1eHky2	uROrIRcTN_abjbRWsyKwy	1235.9042	1234.9042	2025-08-03 05:57:07.000592	2025-08-03 05:57:07.000592
wn0KZ0Mrmloxwhz2Bf08L	uROrIRcTN_abjbRWsyKwy	1236.6588	1235.6588	2025-08-03 05:57:07.086698	2025-08-03 05:57:07.086698
-8Q8rjkJ8_gYzOKeMQnFg	uROrIRcTN_abjbRWsyKwy	1273.4686	1272.4686	2025-08-03 05:57:07.172329	2025-08-03 05:57:07.172329
Bc1vh0gn_8O4UE5pe9R4V	uROrIRcTN_abjbRWsyKwy	1260.5497	1259.5497	2025-08-03 05:57:07.258092	2025-08-03 05:57:07.258092
7-vzUMvY3wV5gFSiF_lsY	uROrIRcTN_abjbRWsyKwy	1262.3011	1261.3011	2025-08-03 05:57:07.344554	2025-08-03 05:57:07.344554
oagv3BWMjrEAZ7l8m4cjx	uROrIRcTN_abjbRWsyKwy	1274.4047	1273.4047	2025-08-03 05:57:07.498322	2025-08-03 05:57:07.498322
vWHa2qphIlvUkSz4k7fhD	uROrIRcTN_abjbRWsyKwy	1271.7230	1270.7230	2025-08-03 05:57:07.582874	2025-08-03 05:57:07.582874
qA5DvPd1wWm3cYFt3Dn57	uROrIRcTN_abjbRWsyKwy	1233.5146	1232.5146	2025-08-03 05:57:07.667798	2025-08-03 05:57:07.667798
pAur_Hom623wtyq9su69H	uROrIRcTN_abjbRWsyKwy	1240.2245	1239.2245	2025-08-03 05:57:07.75223	2025-08-03 05:57:07.75223
lp5wYVnz35lIWlbQ7VVxi	uROrIRcTN_abjbRWsyKwy	1251.4050	1250.4050	2025-08-03 05:57:07.839368	2025-08-03 05:57:07.839368
3yG74QlWdBC0sUzmPyVYy	uROrIRcTN_abjbRWsyKwy	1230.5738	1229.5738	2025-08-03 05:57:07.925944	2025-08-03 05:57:07.925944
k1gByCXDNBUTHh_m99lPg	uROrIRcTN_abjbRWsyKwy	1250.9106	1249.9106	2025-08-03 05:57:08.012014	2025-08-03 05:57:08.012014
qoGx70gy7koE4tk52L61R	uROrIRcTN_abjbRWsyKwy	1218.1956	1217.1956	2025-08-03 05:57:08.097682	2025-08-03 05:57:08.097682
OA20EPU2XvefFrF_8sivQ	uROrIRcTN_abjbRWsyKwy	1225.9411	1224.9411	2025-08-03 05:57:08.183154	2025-08-03 05:57:08.183154
HmPgE-D96WYdalkQ7AZk8	uROrIRcTN_abjbRWsyKwy	1283.2792	1282.2792	2025-08-03 05:57:08.269109	2025-08-03 05:57:08.269109
T524_3hs6KOps7huLY-n_	uROrIRcTN_abjbRWsyKwy	1284.9587	1283.9587	2025-08-03 05:57:08.355035	2025-08-03 05:57:08.355035
MNFJH7FtlUa9Huh6tWed5	uROrIRcTN_abjbRWsyKwy	1273.2344	1272.2344	2025-08-03 05:57:08.441173	2025-08-03 05:57:08.441173
HUchqn4TiHvb76o81mkOy	uROrIRcTN_abjbRWsyKwy	1216.7119	1215.7119	2025-08-03 05:57:08.526196	2025-08-03 05:57:08.526196
tUPZ73Ea-v6L1Re4r2yED	uROrIRcTN_abjbRWsyKwy	1292.7592	1291.7592	2025-08-03 05:57:08.61227	2025-08-03 05:57:08.61227
DB_lrpU7zfiiB5cPXrrpO	uROrIRcTN_abjbRWsyKwy	1290.4198	1289.4198	2025-08-03 05:57:08.698271	2025-08-03 05:57:08.698271
uVaIhTN9LGxI9PAY4u4PR	uROrIRcTN_abjbRWsyKwy	1266.0193	1265.0193	2025-08-03 05:57:08.784297	2025-08-03 05:57:08.784297
qf8r1AR_NUcyL5fXb_qDr	uROrIRcTN_abjbRWsyKwy	1200.6268	1199.6268	2025-08-03 05:57:08.870097	2025-08-03 05:57:08.870097
qgUw7dVUCmJ1DmCqow41U	uROrIRcTN_abjbRWsyKwy	1253.9178	1252.9178	2025-08-03 05:57:08.965053	2025-08-03 05:57:08.965053
VWFobKWRg-RqelL_epdW9	uROrIRcTN_abjbRWsyKwy	1253.4486	1252.4486	2025-08-03 05:57:09.051492	2025-08-03 05:57:09.051492
-5gmg5ELzAAmP6UzNsSrF	uROrIRcTN_abjbRWsyKwy	1266.9509	1265.9509	2025-08-03 05:57:09.137261	2025-08-03 05:57:09.137261
9ilX7jO1zDViDzIShC35O	uROrIRcTN_abjbRWsyKwy	1225.8866	1224.8866	2025-08-03 05:57:09.223994	2025-08-03 05:57:09.223994
GEi6aUVFjPYvXKVw2zEmw	uROrIRcTN_abjbRWsyKwy	1213.7842	1212.7842	2025-08-03 05:57:09.308813	2025-08-03 05:57:09.308813
OkZxJHaUc9irp1OiZeLu_	uROrIRcTN_abjbRWsyKwy	1211.2192	1210.2192	2025-08-03 05:57:09.39475	2025-08-03 05:57:09.39475
hYlWxSVgyphjzTg2miHjp	uROrIRcTN_abjbRWsyKwy	1299.8219	1298.8219	2025-08-03 05:57:09.479852	2025-08-03 05:57:09.479852
0IJ_bnFk2SkKz0e8E27OS	uROrIRcTN_abjbRWsyKwy	1270.4445	1269.4445	2025-08-03 05:57:09.566659	2025-08-03 05:57:09.566659
6B1uCJcZT5dTTAs_6ODUp	uROrIRcTN_abjbRWsyKwy	1255.4249	1254.4249	2025-08-03 05:57:09.653093	2025-08-03 05:57:09.653093
qyeaExkWNKbL1_OtjLlO5	uROrIRcTN_abjbRWsyKwy	1288.1270	1287.1270	2025-08-03 05:57:09.739347	2025-08-03 05:57:09.739347
-1hav_sL05n_BS06MQEiV	uROrIRcTN_abjbRWsyKwy	1263.1448	1262.1448	2025-08-03 05:57:09.825593	2025-08-03 05:57:09.825593
wNlFsNkFW4TGBnFoi2aHp	uROrIRcTN_abjbRWsyKwy	1233.3277	1232.3277	2025-08-03 05:57:09.91141	2025-08-03 05:57:09.91141
zKPU7qIoKxi2k8-2SKbl7	uROrIRcTN_abjbRWsyKwy	1256.4057	1255.4057	2025-08-03 05:57:09.996976	2025-08-03 05:57:09.996976
CgDqQ5TIQCF6f2OL5nSAk	uROrIRcTN_abjbRWsyKwy	1258.6229	1257.6229	2025-08-03 05:57:10.082599	2025-08-03 05:57:10.082599
IIuPwYnRm-8pI5SobhkdH	uROrIRcTN_abjbRWsyKwy	1273.1198	1272.1198	2025-08-03 05:57:10.168519	2025-08-03 05:57:10.168519
ZeAJ0keIbDf8I6TVQ5Nv3	uROrIRcTN_abjbRWsyKwy	1267.7016	1266.7016	2025-08-03 05:57:10.254096	2025-08-03 05:57:10.254096
GRi-HIWaoyGpN8etm-ClA	uROrIRcTN_abjbRWsyKwy	1237.1084	1236.1084	2025-08-03 05:57:10.340703	2025-08-03 05:57:10.340703
3bVwu41mn4tHM5-A1mDYC	uROrIRcTN_abjbRWsyKwy	1261.5334	1260.5334	2025-08-03 05:57:10.425838	2025-08-03 05:57:10.425838
YCkPQbNG7G5tt_PvWtQUo	uROrIRcTN_abjbRWsyKwy	1287.0435	1286.0435	2025-08-03 05:57:10.511799	2025-08-03 05:57:10.511799
g1tPwb1MYKkKAw_CXELIP	uROrIRcTN_abjbRWsyKwy	1285.8140	1284.8140	2025-08-03 05:57:10.597832	2025-08-03 05:57:10.597832
5T0GBHlfdlav_sf0kw2Jp	uROrIRcTN_abjbRWsyKwy	1268.2068	1267.2068	2025-08-03 05:57:10.684778	2025-08-03 05:57:10.684778
gDKzH0jeTbqaI9jnvm4TV	uROrIRcTN_abjbRWsyKwy	1249.7392	1248.7392	2025-08-03 05:57:10.770266	2025-08-03 05:57:10.770266
2fsvodgNklxe2CrRXVaoi	uROrIRcTN_abjbRWsyKwy	1273.1637	1272.1637	2025-08-03 05:57:10.855792	2025-08-03 05:57:10.855792
M6dwHcs4ew1BziqiVkBd3	uROrIRcTN_abjbRWsyKwy	1231.1819	1230.1819	2025-08-03 05:57:10.940307	2025-08-03 05:57:10.940307
fFdG-3kFoieMyZCzKHGae	uROrIRcTN_abjbRWsyKwy	1219.3817	1218.3817	2025-08-03 05:57:11.026301	2025-08-03 05:57:11.026301
ovcqROW-jXLjcY9JdG1UX	uROrIRcTN_abjbRWsyKwy	1201.2868	1200.2868	2025-08-03 05:57:11.110805	2025-08-03 05:57:11.110805
EXX2cN2YinmA5x6Z2V1MB	uROrIRcTN_abjbRWsyKwy	1207.9922	1206.9922	2025-08-03 05:57:11.197074	2025-08-03 05:57:11.197074
m3CwOG5hBYVa7HEpWA5C5	uROrIRcTN_abjbRWsyKwy	1277.8950	1276.8950	2025-08-03 05:57:11.284394	2025-08-03 05:57:11.284394
7EVqmxpLUurlLulR8uQ-o	uROrIRcTN_abjbRWsyKwy	1287.7296	1286.7296	2025-08-03 05:57:11.393669	2025-08-03 05:57:11.393669
K7tnstg6u4vRt6R5kkIOa	uROrIRcTN_abjbRWsyKwy	1261.8704	1260.8704	2025-08-03 05:57:11.48006	2025-08-03 05:57:11.48006
ZW_dlzMMoacFxSDKxlyvq	uROrIRcTN_abjbRWsyKwy	1271.1961	1270.1961	2025-08-03 05:57:11.565761	2025-08-03 05:57:11.565761
2HiO1UzSb2E210_npojyh	uROrIRcTN_abjbRWsyKwy	1282.2959	1281.2959	2025-08-03 05:57:11.651741	2025-08-03 05:57:11.651741
jOzV0Gj2w6ioAX8hEAGUH	uROrIRcTN_abjbRWsyKwy	1211.6800	1210.6800	2025-08-03 05:57:11.738594	2025-08-03 05:57:11.738594
bqZW0mJYbJk-7Eb1z7reT	uROrIRcTN_abjbRWsyKwy	1228.1793	1227.1793	2025-08-03 05:57:11.82457	2025-08-03 05:57:11.82457
8JqCEzaZWjnaLsRURTV7f	uROrIRcTN_abjbRWsyKwy	1207.5106	1206.5106	2025-08-03 05:57:11.911838	2025-08-03 05:57:11.911838
7Jt287yVzlgfwtIEVE5iW	uROrIRcTN_abjbRWsyKwy	1257.0250	1256.0250	2025-08-03 05:57:11.998036	2025-08-03 05:57:11.998036
VX6Zy7XohjoPPe-3OCxOW	uROrIRcTN_abjbRWsyKwy	1271.6326	1270.6326	2025-08-03 05:57:12.087203	2025-08-03 05:57:12.087203
QNbOaEMmjzCCafMnM4FlM	uROrIRcTN_abjbRWsyKwy	1244.0408	1243.0408	2025-08-03 05:57:12.173152	2025-08-03 05:57:12.173152
9vipAk633VRqdvv2iVb8u	uROrIRcTN_abjbRWsyKwy	1238.7065	1237.7065	2025-08-03 05:57:12.258895	2025-08-03 05:57:12.258895
bFZ8P6E9ULf-jKrJxlL7h	uROrIRcTN_abjbRWsyKwy	1268.8629	1267.8629	2025-08-03 05:57:12.34623	2025-08-03 05:57:12.34623
g3PQ2gBzYocSxeGYqoSHT	uROrIRcTN_abjbRWsyKwy	1271.4688	1270.4688	2025-08-03 05:57:12.434682	2025-08-03 05:57:12.434682
kcnD4iz6QBdukTbSJ3pBp	uROrIRcTN_abjbRWsyKwy	1286.2219	1285.2219	2025-08-03 05:57:12.524358	2025-08-03 05:57:12.524358
OcXW7cjuYoxEMw-M9hRCK	uROrIRcTN_abjbRWsyKwy	1249.8731	1248.8731	2025-08-03 05:57:12.611098	2025-08-03 05:57:12.611098
pKypMBZ168A7OLiAD_x9N	uROrIRcTN_abjbRWsyKwy	1254.9891	1253.9891	2025-08-03 05:57:12.70047	2025-08-03 05:57:12.70047
Wig4H7qLqrmsRm40zajjm	uROrIRcTN_abjbRWsyKwy	1281.7007	1280.7007	2025-08-03 05:57:12.786359	2025-08-03 05:57:12.786359
Yj0rirTXGpLWy7M_tgPTf	uROrIRcTN_abjbRWsyKwy	1220.2387	1219.2387	2025-08-03 05:57:12.905312	2025-08-03 05:57:12.905312
sQLnyEO5d3809fXPlecEc	uROrIRcTN_abjbRWsyKwy	1226.1429	1225.1429	2025-08-03 05:57:12.989825	2025-08-03 05:57:12.989825
ETLT93Ol_ffy4faaoJ77s	uROrIRcTN_abjbRWsyKwy	1243.9212	1242.9212	2025-08-03 05:57:13.075701	2025-08-03 05:57:13.075701
NorhLWGN8yrf02A5G6lP7	uROrIRcTN_abjbRWsyKwy	1268.2124	1267.2124	2025-08-03 05:57:13.161303	2025-08-03 05:57:13.161303
xUGfnUTksVi3qzi49hE_n	uROrIRcTN_abjbRWsyKwy	1295.6500	1294.6500	2025-08-03 05:57:13.246932	2025-08-03 05:57:13.246932
RKTSr7GFi45XI2I58e2bw	uROrIRcTN_abjbRWsyKwy	1235.2184	1234.2184	2025-08-03 05:57:13.332902	2025-08-03 05:57:13.332902
O8ns4-Lyhg_GuGsQCDI8a	uROrIRcTN_abjbRWsyKwy	1280.4153	1279.4153	2025-08-03 05:57:13.418648	2025-08-03 05:57:13.418648
cEVWtuERs7BGGdaMr8Bgl	uROrIRcTN_abjbRWsyKwy	1271.5344	1270.5344	2025-08-03 05:57:13.504165	2025-08-03 05:57:13.504165
Hxh7VIY_iREZSMb1Tyv5u	uROrIRcTN_abjbRWsyKwy	1290.8820	1289.8820	2025-08-03 05:57:13.589662	2025-08-03 05:57:13.589662
7_45YLEJalCiIc2_67YFk	uROrIRcTN_abjbRWsyKwy	1282.1808	1281.1808	2025-08-03 05:57:13.675481	2025-08-03 05:57:13.675481
T64CWvAbVSW_sBFlrrEUO	uROrIRcTN_abjbRWsyKwy	1256.6291	1255.6291	2025-08-03 05:57:13.76154	2025-08-03 05:57:13.76154
_IJdnnrZ5sNj9UrASXsTj	uROrIRcTN_abjbRWsyKwy	1217.1897	1216.1897	2025-08-03 05:57:13.848916	2025-08-03 05:57:13.848916
X-Cb5STRMg1wH6-qmnk4e	uROrIRcTN_abjbRWsyKwy	1276.4828	1275.4828	2025-08-03 05:57:13.934575	2025-08-03 05:57:13.934575
isK8vZCemG2zmQMSuvhgI	uROrIRcTN_abjbRWsyKwy	1244.9581	1243.9581	2025-08-03 05:57:14.020496	2025-08-03 05:57:14.020496
QnKg4CiXIGAas2PAh-WDY	uROrIRcTN_abjbRWsyKwy	1278.1386	1277.1386	2025-08-03 05:57:14.10645	2025-08-03 05:57:14.10645
yg2ZH5pEeBoX64s69ID6l	uROrIRcTN_abjbRWsyKwy	1223.7282	1222.7282	2025-08-03 05:57:14.1927	2025-08-03 05:57:14.1927
4u1jmQ9UIZ64UWoKRszqr	uROrIRcTN_abjbRWsyKwy	1218.4028	1217.4028	2025-08-03 05:57:14.278517	2025-08-03 05:57:14.278517
WwPvp4B28TKvtcktWoqVn	uROrIRcTN_abjbRWsyKwy	1230.3139	1229.3139	2025-08-03 05:57:14.363496	2025-08-03 05:57:14.363496
w-qfO5TKSZbyXfvpDHF48	uROrIRcTN_abjbRWsyKwy	1214.9868	1213.9868	2025-08-03 05:57:14.449363	2025-08-03 05:57:14.449363
kFpHvbtqiIZ6QBie95EOf	uROrIRcTN_abjbRWsyKwy	1235.3743	1234.3743	2025-08-03 05:57:14.536082	2025-08-03 05:57:14.536082
HA1nHziJvn4rez4Q0re-J	uROrIRcTN_abjbRWsyKwy	1220.8021	1219.8021	2025-08-03 05:57:14.621582	2025-08-03 05:57:14.621582
KM-sR6NLg-3qqn9akp7K_	uROrIRcTN_abjbRWsyKwy	1249.2595	1248.2595	2025-08-03 05:57:14.708035	2025-08-03 05:57:14.708035
CIpZVuqS4_jLW7y9nIc1_	uROrIRcTN_abjbRWsyKwy	1276.7454	1275.7454	2025-08-03 05:57:14.793928	2025-08-03 05:57:14.793928
vGjFxj1l0RH0Y3unKLXg0	uROrIRcTN_abjbRWsyKwy	1209.7106	1208.7106	2025-08-03 05:57:14.87993	2025-08-03 05:57:14.87993
1zA3fVKtWPM_yRErLRun_	uROrIRcTN_abjbRWsyKwy	1242.3686	1241.3686	2025-08-03 05:57:14.965752	2025-08-03 05:57:14.965752
Td5wuh6aNLaDR4nWhCBBK	uROrIRcTN_abjbRWsyKwy	1230.5056	1229.5056	2025-08-03 05:57:15.052815	2025-08-03 05:57:15.052815
cSttQkvtpocjzUQG6o_Ak	uROrIRcTN_abjbRWsyKwy	1277.4136	1276.4136	2025-08-03 05:57:15.139092	2025-08-03 05:57:15.139092
eKX2LhcLbY71gqNcCdLgS	uROrIRcTN_abjbRWsyKwy	1283.9277	1282.9277	2025-08-03 05:57:15.224703	2025-08-03 05:57:15.224703
C8mOjtapzeQetPiipzUoK	uROrIRcTN_abjbRWsyKwy	1295.4766	1294.4766	2025-08-03 05:57:15.310675	2025-08-03 05:57:15.310675
f939983G_sBcO0vxHjmmU	uROrIRcTN_abjbRWsyKwy	1249.5805	1248.5805	2025-08-03 05:57:15.396377	2025-08-03 05:57:15.396377
yfF77jkGrHpTWUZqxhCAW	uROrIRcTN_abjbRWsyKwy	1218.1048	1217.1048	2025-08-03 05:57:15.482184	2025-08-03 05:57:15.482184
ixM91-oqhv54KhGGiuVBN	uROrIRcTN_abjbRWsyKwy	1299.6202	1298.6202	2025-08-03 05:57:15.567869	2025-08-03 05:57:15.567869
od3t63Kbjy7caV1DobRY0	uROrIRcTN_abjbRWsyKwy	1236.1584	1235.1584	2025-08-03 05:57:15.65378	2025-08-03 05:57:15.65378
N6NwHqixbxB4sp6IaBh6n	uROrIRcTN_abjbRWsyKwy	1266.1352	1265.1352	2025-08-03 05:57:15.740291	2025-08-03 05:57:15.740291
cYWCssQ4k3Rpgfrixv6y_	uROrIRcTN_abjbRWsyKwy	1203.1315	1202.1315	2025-08-03 05:57:15.826207	2025-08-03 05:57:15.826207
PcFOVrGSsPhXmKoZ-gSDs	uROrIRcTN_abjbRWsyKwy	1212.6981	1211.6981	2025-08-03 05:57:15.910826	2025-08-03 05:57:15.910826
VNDgjplrH0Zr2P83V7D-6	uROrIRcTN_abjbRWsyKwy	1209.4443	1208.4443	2025-08-03 05:57:15.997276	2025-08-03 05:57:15.997276
YXpPIckP2B9Qp4LHm2kHP	uROrIRcTN_abjbRWsyKwy	1287.1059	1286.1059	2025-08-03 05:57:16.08273	2025-08-03 05:57:16.08273
Uado5BdvpTkB4KwbDDlNW	uROrIRcTN_abjbRWsyKwy	1229.7022	1228.7022	2025-08-03 05:57:16.167438	2025-08-03 05:57:16.167438
hkWTSLHNb5BRVIV_Ntvlm	uROrIRcTN_abjbRWsyKwy	1290.9710	1289.9710	2025-08-03 05:57:16.254118	2025-08-03 05:57:16.254118
Xql0iABWHYVqKTgxCGqki	uROrIRcTN_abjbRWsyKwy	1283.0383	1282.0383	2025-08-03 05:57:16.340542	2025-08-03 05:57:16.340542
76w__ADbxszrZDzmkmaA-	uROrIRcTN_abjbRWsyKwy	1294.0097	1293.0097	2025-08-03 05:57:16.426282	2025-08-03 05:57:16.426282
kXnZ2NRHjQwrb2LbNjXOJ	uROrIRcTN_abjbRWsyKwy	1263.2285	1262.2285	2025-08-03 05:57:16.511983	2025-08-03 05:57:16.511983
u5dxlUtOGGHxHbObe0r7O	uROrIRcTN_abjbRWsyKwy	1244.9329	1243.9329	2025-08-03 05:57:16.598245	2025-08-03 05:57:16.598245
oigJaDp1Z0_kx6aQyV4ZZ	uROrIRcTN_abjbRWsyKwy	1286.3847	1285.3847	2025-08-03 05:57:16.683604	2025-08-03 05:57:16.683604
cFzcGDhtwTw6eIY_5uxfx	uROrIRcTN_abjbRWsyKwy	1285.8872	1284.8872	2025-08-03 05:57:16.769275	2025-08-03 05:57:16.769275
6WPlU-1irObtduy69RjfP	uROrIRcTN_abjbRWsyKwy	1277.0550	1276.0550	2025-08-03 05:57:16.855208	2025-08-03 05:57:16.855208
MDgYB1ENNdWtwMaRx62hZ	uROrIRcTN_abjbRWsyKwy	1256.7327	1255.7327	2025-08-03 05:57:16.93977	2025-08-03 05:57:16.93977
ckF59_B1KVhM-XnmY9Rf_	uROrIRcTN_abjbRWsyKwy	1276.3998	1275.3998	2025-08-03 05:57:17.026477	2025-08-03 05:57:17.026477
amz163VzbUavyKgDSUoOO	uROrIRcTN_abjbRWsyKwy	1255.0853	1254.0853	2025-08-03 05:57:17.111827	2025-08-03 05:57:17.111827
vO1n1S8ViGB4Gc8fJxPRL	uROrIRcTN_abjbRWsyKwy	1231.7594	1230.7594	2025-08-03 05:57:17.223456	2025-08-03 05:57:17.223456
dxmfyG-iWy8ZML_qAP7H6	uROrIRcTN_abjbRWsyKwy	1250.1259	1249.1259	2025-08-03 05:57:17.309418	2025-08-03 05:57:17.309418
5ezq3iJCWs6c9Uo0Uwglx	uROrIRcTN_abjbRWsyKwy	1218.8189	1217.8189	2025-08-03 05:57:17.395464	2025-08-03 05:57:17.395464
UrnrA8uG2BAflJC2w6Z1s	uROrIRcTN_abjbRWsyKwy	1211.7801	1210.7801	2025-08-03 05:57:17.481395	2025-08-03 05:57:17.481395
RBLIb25haFQrbm7Jm2ib7	uROrIRcTN_abjbRWsyKwy	1220.6187	1219.6187	2025-08-03 05:57:17.567325	2025-08-03 05:57:17.567325
JFHCNVapl9fB4sH9Yxu6p	uROrIRcTN_abjbRWsyKwy	1214.3193	1213.3193	2025-08-03 05:57:17.65271	2025-08-03 05:57:17.65271
wIDyDvHFNOTaB0ZpD3zT-	uROrIRcTN_abjbRWsyKwy	1295.2452	1294.2452	2025-08-03 05:57:17.738288	2025-08-03 05:57:17.738288
LyOV0ElgOtyODIcs6P7t1	uROrIRcTN_abjbRWsyKwy	1278.9792	1277.9792	2025-08-03 05:57:17.824758	2025-08-03 05:57:17.824758
X9l3kXtgyK-Q_wdoSqUwH	uROrIRcTN_abjbRWsyKwy	1287.2255	1286.2255	2025-08-03 05:57:17.910729	2025-08-03 05:57:17.910729
TMQbdrzOK9GECllcNjceI	uROrIRcTN_abjbRWsyKwy	1209.1966	1208.1966	2025-08-03 05:57:17.997493	2025-08-03 05:57:17.997493
Jzkw8OJ1C0sz5u4xyuu14	uROrIRcTN_abjbRWsyKwy	1204.8799	1203.8799	2025-08-03 05:57:18.083463	2025-08-03 05:57:18.083463
Rx1RGC4NHkWkOrk-i_X1o	uROrIRcTN_abjbRWsyKwy	1243.4651	1242.4651	2025-08-03 05:57:18.169516	2025-08-03 05:57:18.169516
sgqRqKAysHDEP-OeZd00T	uROrIRcTN_abjbRWsyKwy	1269.7795	1268.7795	2025-08-03 05:57:18.255077	2025-08-03 05:57:18.255077
IzPfvXNN9bH9ebDaWDA8v	uROrIRcTN_abjbRWsyKwy	1271.3981	1270.3981	2025-08-03 05:57:18.341129	2025-08-03 05:57:18.341129
UXcHv0SwI4pTGMJe-0Mjd	uROrIRcTN_abjbRWsyKwy	1278.9419	1277.9419	2025-08-03 05:57:18.426887	2025-08-03 05:57:18.426887
pMbxvnHcAQUoDvzxPMHPh	uROrIRcTN_abjbRWsyKwy	1278.4921	1277.4921	2025-08-03 05:57:18.51182	2025-08-03 05:57:18.51182
DypWTh7E5jKXWznVPf1wK	uROrIRcTN_abjbRWsyKwy	1274.3963	1273.3963	2025-08-03 05:57:18.597373	2025-08-03 05:57:18.597373
569nmqX1CcUdTqgu5bdo1	uROrIRcTN_abjbRWsyKwy	1278.5668	1277.5668	2025-08-03 05:57:18.683041	2025-08-03 05:57:18.683041
g__staUkJtJXeMTajxXFb	uROrIRcTN_abjbRWsyKwy	1230.8241	1229.8241	2025-08-03 05:57:18.768913	2025-08-03 05:57:18.768913
rR7qds2hZgu3-QxWbt7-m	uROrIRcTN_abjbRWsyKwy	1266.3297	1265.3297	2025-08-03 05:57:18.854763	2025-08-03 05:57:18.854763
SoETK72E9xGZLe4Op8np1	uROrIRcTN_abjbRWsyKwy	1245.7582	1244.7582	2025-08-03 05:57:18.940401	2025-08-03 05:57:18.940401
v-UN2Fl7bXAFpDAPAr5VL	uROrIRcTN_abjbRWsyKwy	1284.9919	1283.9919	2025-08-03 05:57:19.026062	2025-08-03 05:57:19.026062
OWy1jC9syTkrCXqf0Fp6q	uROrIRcTN_abjbRWsyKwy	1276.1392	1275.1392	2025-08-03 05:57:19.111671	2025-08-03 05:57:19.111671
AisQC2TpDNCIGGtYkps0x	uROrIRcTN_abjbRWsyKwy	1207.1703	1206.1703	2025-08-03 05:57:19.19733	2025-08-03 05:57:19.19733
HF_yGUzs507wKbzHF-zGs	uROrIRcTN_abjbRWsyKwy	1235.7791	1234.7791	2025-08-03 05:57:19.283464	2025-08-03 05:57:19.283464
U1plxuifXt0pexLeXKZT6	uROrIRcTN_abjbRWsyKwy	1238.5023	1237.5023	2025-08-03 05:57:19.369496	2025-08-03 05:57:19.369496
FNrFZ-hH6zOlAhWmqd8YW	uROrIRcTN_abjbRWsyKwy	1252.5658	1251.5658	2025-08-03 05:57:19.455689	2025-08-03 05:57:19.455689
K2T_N2f15YPk9dtZU0TCH	uROrIRcTN_abjbRWsyKwy	1289.6925	1288.6925	2025-08-03 05:57:19.542995	2025-08-03 05:57:19.542995
5wSFq0goisGNGLL87bgjK	uROrIRcTN_abjbRWsyKwy	1273.1881	1272.1881	2025-08-03 05:57:19.628866	2025-08-03 05:57:19.628866
tefwPqNLhFw3jSNj4j5k_	uROrIRcTN_abjbRWsyKwy	1286.1339	1285.1339	2025-08-03 05:57:19.71425	2025-08-03 05:57:19.71425
U1QLPyi8K53yu0TcV1WfU	uROrIRcTN_abjbRWsyKwy	1213.3673	1212.3673	2025-08-03 05:57:19.800537	2025-08-03 05:57:19.800537
Uh2qWQOJPTwSEb0jNuatX	uROrIRcTN_abjbRWsyKwy	1202.6368	1201.6368	2025-08-03 05:57:19.886541	2025-08-03 05:57:19.886541
9LY3Cc04kpCxpAMbBb8qb	uROrIRcTN_abjbRWsyKwy	1298.7916	1297.7916	2025-08-03 05:57:19.971567	2025-08-03 05:57:19.971567
zKOWY1m5ei6jTBOICKJ3V	uROrIRcTN_abjbRWsyKwy	1299.0302	1298.0302	2025-08-03 05:57:20.057656	2025-08-03 05:57:20.057656
-X1QWYJxxYZ4tPf-JHNs1	uROrIRcTN_abjbRWsyKwy	1295.7320	1294.7320	2025-08-03 05:57:20.144098	2025-08-03 05:57:20.144098
ntEg7N89-ikjnKTV8s09J	uROrIRcTN_abjbRWsyKwy	1257.6660	1256.6660	2025-08-03 05:57:20.228857	2025-08-03 05:57:20.228857
tYLJoodcto3Yl3L6yAbdC	uROrIRcTN_abjbRWsyKwy	1218.2275	1217.2275	2025-08-03 05:57:20.315494	2025-08-03 05:57:20.315494
UAELmqFpgpYb6fgbCSB8r	uROrIRcTN_abjbRWsyKwy	1233.6193	1232.6193	2025-08-03 05:57:20.40229	2025-08-03 05:57:20.40229
vN-gaiOJLhlsGUBCebKxe	uROrIRcTN_abjbRWsyKwy	1292.3251	1291.3251	2025-08-03 05:57:20.490094	2025-08-03 05:57:20.490094
YftfmotC77IT7WmANfRIn	uROrIRcTN_abjbRWsyKwy	1205.9035	1204.9035	2025-08-03 05:57:20.578263	2025-08-03 05:57:20.578263
IAj-rmWqG_6dJjQMkTrVk	uROrIRcTN_abjbRWsyKwy	1267.1627	1266.1627	2025-08-03 05:57:20.664405	2025-08-03 05:57:20.664405
4ldHA3X9fkHSwa0UjPE0J	uROrIRcTN_abjbRWsyKwy	1224.0131	1223.0131	2025-08-03 05:57:20.750695	2025-08-03 05:57:20.750695
3oWFqKA2STE3R1K8AqHIZ	uROrIRcTN_abjbRWsyKwy	1283.6485	1282.6485	2025-08-03 05:57:20.836168	2025-08-03 05:57:20.836168
ZJ1lygtpbb7aj9sJtbVzd	uROrIRcTN_abjbRWsyKwy	1286.2611	1285.2611	2025-08-03 05:57:20.920878	2025-08-03 05:57:20.920878
lDMkejhGQybh-Yo0x6hCg	uROrIRcTN_abjbRWsyKwy	1284.8983	1283.8983	2025-08-03 05:57:21.006825	2025-08-03 05:57:21.006825
v1GloeHlCYgJ21kwBEuEd	uROrIRcTN_abjbRWsyKwy	1285.3995	1284.3995	2025-08-03 05:57:21.093201	2025-08-03 05:57:21.093201
MLXY7hfLOdSA-9j2E8OgY	uROrIRcTN_abjbRWsyKwy	1244.9701	1243.9701	2025-08-03 05:57:21.17963	2025-08-03 05:57:21.17963
_bSo6A0bVy-icD8essZGj	uROrIRcTN_abjbRWsyKwy	1219.0790	1218.0790	2025-08-03 05:57:21.265328	2025-08-03 05:57:21.265328
IEzwjuRbcOUS8M48a7dB9	uROrIRcTN_abjbRWsyKwy	1203.2112	1202.2112	2025-08-03 05:57:21.350711	2025-08-03 05:57:21.350711
MBo6jkOWnut2vCsczHKmk	uROrIRcTN_abjbRWsyKwy	1269.4331	1268.4331	2025-08-03 05:57:21.436556	2025-08-03 05:57:21.436556
c5zRXUNkBbX-IfsharucY	uROrIRcTN_abjbRWsyKwy	1254.5151	1253.5151	2025-08-03 05:57:21.522821	2025-08-03 05:57:21.522821
d-kJySx6evdDTzvfkGbMY	uROrIRcTN_abjbRWsyKwy	1236.0163	1235.0163	2025-08-03 05:57:21.608565	2025-08-03 05:57:21.608565
bNAGCDn4E1V2KzBBO-46G	uROrIRcTN_abjbRWsyKwy	1229.6115	1228.6115	2025-08-03 05:57:21.694814	2025-08-03 05:57:21.694814
ZBh_zVlGa0NijD1u0lQg-	uROrIRcTN_abjbRWsyKwy	1291.3006	1290.3006	2025-08-03 05:57:21.78052	2025-08-03 05:57:21.78052
cBn6rJIv_kyPJpS28OEjj	uROrIRcTN_abjbRWsyKwy	1277.7834	1276.7834	2025-08-03 05:57:21.865998	2025-08-03 05:57:21.865998
6KlVkG0j0YYsMRgsPbZ7W	uROrIRcTN_abjbRWsyKwy	1268.4304	1267.4304	2025-08-03 05:57:21.951114	2025-08-03 05:57:21.951114
mKWju-BKWaXmcAJEgbehK	uROrIRcTN_abjbRWsyKwy	1283.3275	1282.3275	2025-08-03 05:57:22.037413	2025-08-03 05:57:22.037413
iEJolUkq0L9_Hqin1-JJQ	uROrIRcTN_abjbRWsyKwy	1282.5652	1281.5652	2025-08-03 05:57:22.122571	2025-08-03 05:57:22.122571
zrO3b2OveXtsXXOqQsLeE	uROrIRcTN_abjbRWsyKwy	1270.8219	1269.8219	2025-08-03 05:57:22.208358	2025-08-03 05:57:22.208358
1hA_wGG3yJuUdqNX4VVKR	uROrIRcTN_abjbRWsyKwy	1203.7354	1202.7354	2025-08-03 05:57:22.294233	2025-08-03 05:57:22.294233
SNf-r8gOkcGEkZRqaGpcd	uROrIRcTN_abjbRWsyKwy	1245.1475	1244.1475	2025-08-03 05:57:22.379987	2025-08-03 05:57:22.379987
iOSSuaRQ-eR5RD_B0BoA_	uROrIRcTN_abjbRWsyKwy	1216.1953	1215.1953	2025-08-03 05:57:22.464857	2025-08-03 05:57:22.464857
6YpF12CJtp1e3QsDZqrCO	uROrIRcTN_abjbRWsyKwy	1216.0797	1215.0797	2025-08-03 05:57:22.550538	2025-08-03 05:57:22.550538
oQX_ulxxE7b7-6XjX8nr1	uROrIRcTN_abjbRWsyKwy	1266.4522	1265.4522	2025-08-03 05:57:22.636323	2025-08-03 05:57:22.636323
vYZ6rDYX0E_0kqTJT9UoS	uROrIRcTN_abjbRWsyKwy	1223.9680	1222.9680	2025-08-03 05:57:22.721775	2025-08-03 05:57:22.721775
n8h4hpJ-KdLD9YeJU7lQH	uROrIRcTN_abjbRWsyKwy	1264.1303	1263.1303	2025-08-03 05:57:22.810727	2025-08-03 05:57:22.810727
3D3raFYG_aUNj4Ri8Dx4F	uROrIRcTN_abjbRWsyKwy	1253.7277	1252.7277	2025-08-03 05:57:22.900619	2025-08-03 05:57:22.900619
ITnknZLA_Po9lhcEY2OWr	uROrIRcTN_abjbRWsyKwy	1277.9776	1276.9776	2025-08-03 05:57:22.988331	2025-08-03 05:57:22.988331
piEY406sAKertCDwISmSk	uROrIRcTN_abjbRWsyKwy	1221.4960	1220.4960	2025-08-03 05:57:23.074235	2025-08-03 05:57:23.074235
FS-oklU78af5V-uN6vtRj	uROrIRcTN_abjbRWsyKwy	1277.9208	1276.9208	2025-08-03 05:57:23.16016	2025-08-03 05:57:23.16016
TjirL7e8cZb53NefrjR4J	uROrIRcTN_abjbRWsyKwy	1224.7330	1223.7330	2025-08-03 05:57:23.24645	2025-08-03 05:57:23.24645
DKDiDL9NfzL5ZO0h3gJfG	uROrIRcTN_abjbRWsyKwy	1217.5331	1216.5331	2025-08-03 05:57:23.332216	2025-08-03 05:57:23.332216
H9T3yeNhR7mVF_f4i94px	uROrIRcTN_abjbRWsyKwy	1278.4405	1277.4405	2025-08-03 05:57:23.418023	2025-08-03 05:57:23.418023
0mXkdzRTVUJGL7pFTh67n	uROrIRcTN_abjbRWsyKwy	1280.5792	1279.5792	2025-08-03 05:57:23.503845	2025-08-03 05:57:23.503845
Z5R2M3KYnsw9lhIbiZLcl	uROrIRcTN_abjbRWsyKwy	1253.6167	1252.6167	2025-08-03 05:57:23.588876	2025-08-03 05:57:23.588876
OlHDCxfMBy1KEUrPFXy6n	uROrIRcTN_abjbRWsyKwy	1290.5805	1289.5805	2025-08-03 05:57:23.673774	2025-08-03 05:57:23.673774
1qsU1gkCoQ74kiPV1Lqho	uROrIRcTN_abjbRWsyKwy	1295.7909	1294.7909	2025-08-03 05:57:23.760103	2025-08-03 05:57:23.760103
_H3Y12EjLtVaBTC5nHYfk	uROrIRcTN_abjbRWsyKwy	1216.2559	1215.2559	2025-08-03 05:57:23.84598	2025-08-03 05:57:23.84598
un05s1aCLZ_3j2StuaELS	uROrIRcTN_abjbRWsyKwy	1213.5193	1212.5193	2025-08-03 05:57:23.931872	2025-08-03 05:57:23.931872
IPfdf7iaBmcNR60pcNutN	uROrIRcTN_abjbRWsyKwy	1217.6570	1216.6570	2025-08-03 05:57:24.017356	2025-08-03 05:57:24.017356
JYy16WUH20IIUpeiYqNQs	uROrIRcTN_abjbRWsyKwy	1222.7036	1221.7036	2025-08-03 05:57:24.10303	2025-08-03 05:57:24.10303
UsCP-IZDXA-E2X6qU55P5	uROrIRcTN_abjbRWsyKwy	1212.6735	1211.6735	2025-08-03 05:57:24.189272	2025-08-03 05:57:24.189272
jsFOymRW150P4aOx5KtF0	uROrIRcTN_abjbRWsyKwy	1226.6455	1225.6455	2025-08-03 05:57:24.275636	2025-08-03 05:57:24.275636
EBrDde4QoY_X80DBV35Xz	uROrIRcTN_abjbRWsyKwy	1205.5849	1204.5849	2025-08-03 05:57:24.361796	2025-08-03 05:57:24.361796
EH5ODffkYouwQG3nfj5JQ	uROrIRcTN_abjbRWsyKwy	1250.2152	1249.2152	2025-08-03 05:57:24.447513	2025-08-03 05:57:24.447513
LeLHaDof8KBPPUgPzoqDF	uROrIRcTN_abjbRWsyKwy	1252.3731	1251.3731	2025-08-03 05:57:24.533315	2025-08-03 05:57:24.533315
6Z-O0t0PaqKOBzJ6s0ZGL	uROrIRcTN_abjbRWsyKwy	1201.5119	1200.5119	2025-08-03 05:57:24.619028	2025-08-03 05:57:24.619028
ewMGWf8oh5eYcz2vS9F8q	uROrIRcTN_abjbRWsyKwy	1210.6746	1209.6746	2025-08-03 05:57:24.705073	2025-08-03 05:57:24.705073
oQeEmowUxxVotKFlx8bdx	uROrIRcTN_abjbRWsyKwy	1258.0289	1257.0289	2025-08-03 05:57:24.790983	2025-08-03 05:57:24.790983
FTK4yGtWfOyQ9sF2xJAKG	uROrIRcTN_abjbRWsyKwy	1237.7477	1236.7477	2025-08-03 05:57:24.876301	2025-08-03 05:57:24.876301
SK9_1tBrq7uuCkaEaZ1Sv	uROrIRcTN_abjbRWsyKwy	1254.7951	1253.7951	2025-08-03 05:57:24.963336	2025-08-03 05:57:24.963336
NOsCpO_08UZZ9bk_oa7BB	uROrIRcTN_abjbRWsyKwy	1279.3895	1278.3895	2025-08-03 05:57:25.049345	2025-08-03 05:57:25.049345
ssXjAqFAiaWoRMIYEfEhe	uROrIRcTN_abjbRWsyKwy	1224.9212	1223.9212	2025-08-03 05:57:25.135569	2025-08-03 05:57:25.135569
q5TPMUEjfLNzLt31-mWm5	uROrIRcTN_abjbRWsyKwy	1284.0878	1283.0878	2025-08-03 05:57:25.221731	2025-08-03 05:57:25.221731
zN8jPo6W5Agv_rYMQz0ul	uROrIRcTN_abjbRWsyKwy	1207.6705	1206.6705	2025-08-03 05:57:25.307502	2025-08-03 05:57:25.307502
1J-nCGax8_-QsPaUNIypk	uROrIRcTN_abjbRWsyKwy	1234.9712	1233.9712	2025-08-03 05:57:25.393117	2025-08-03 05:57:25.393117
5DiapLRhaXBNYfq-pyzr8	uROrIRcTN_abjbRWsyKwy	1216.6245	1215.6245	2025-08-03 05:57:25.478768	2025-08-03 05:57:25.478768
yLtRoDvbVED-orNe4r9tk	uROrIRcTN_abjbRWsyKwy	1275.6673	1274.6673	2025-08-03 05:57:25.563215	2025-08-03 05:57:25.563215
e-QCXgczykSvf5gIXbAu0	uROrIRcTN_abjbRWsyKwy	1223.6137	1222.6137	2025-08-03 05:57:25.649011	2025-08-03 05:57:25.649011
lFQKmAwOH9af-uwiEHl5j	uROrIRcTN_abjbRWsyKwy	1231.2069	1230.2069	2025-08-03 05:57:25.73492	2025-08-03 05:57:25.73492
u8zTMHe6hKcP8uxJpR7xh	uROrIRcTN_abjbRWsyKwy	1243.9985	1242.9985	2025-08-03 05:57:25.820678	2025-08-03 05:57:25.820678
jScITIhXNv9Aa9LvCEguo	uROrIRcTN_abjbRWsyKwy	1292.9558	1291.9558	2025-08-03 05:57:25.906083	2025-08-03 05:57:25.906083
wo4vSAbeXfmGJJNDISOQZ	uROrIRcTN_abjbRWsyKwy	1252.1875	1251.1875	2025-08-03 05:57:25.992429	2025-08-03 05:57:25.992429
S7t_tSYQsEnm7B0NzS6Z9	uROrIRcTN_abjbRWsyKwy	1270.4500	1269.4500	2025-08-03 05:57:26.077214	2025-08-03 05:57:26.077214
2T0e4AqR4BiJaK9k_UWU5	uROrIRcTN_abjbRWsyKwy	1242.5851	1241.5851	2025-08-03 05:57:26.163844	2025-08-03 05:57:26.163844
tU5Aj6tGOXv3NqmFSbOBE	uROrIRcTN_abjbRWsyKwy	1224.5760	1223.5760	2025-08-03 05:57:26.249924	2025-08-03 05:57:26.249924
vYpoFJNnbWov1PRNBLFJk	uROrIRcTN_abjbRWsyKwy	1292.0437	1291.0437	2025-08-03 05:57:26.33601	2025-08-03 05:57:26.33601
tMVlcmcKmoXKqpv6rk0f5	uROrIRcTN_abjbRWsyKwy	1286.2013	1285.2013	2025-08-03 05:57:26.42217	2025-08-03 05:57:26.42217
NG9rLrF-fLAGRk3wUjmKF	uROrIRcTN_abjbRWsyKwy	1297.7044	1296.7044	2025-08-03 05:57:26.519816	2025-08-03 05:57:26.519816
_tXhWPXwnTQMTNhwUydV4	uROrIRcTN_abjbRWsyKwy	1225.8889	1224.8889	2025-08-03 05:57:26.604468	2025-08-03 05:57:26.604468
_yGVggWX2Ct9UpeHksobW	uROrIRcTN_abjbRWsyKwy	1299.1114	1298.1114	2025-08-03 05:57:26.690188	2025-08-03 05:57:26.690188
Zb0Eavw-ant_qe9Yp4-B1	uROrIRcTN_abjbRWsyKwy	1290.9862	1289.9862	2025-08-03 05:57:26.775728	2025-08-03 05:57:26.775728
h96kyJVrltLUuOFuePbT-	uROrIRcTN_abjbRWsyKwy	1227.0888	1226.0888	2025-08-03 05:57:26.861795	2025-08-03 05:57:26.861795
c8SAsHZ7fmBaEvYIRv4Xl	uROrIRcTN_abjbRWsyKwy	1298.5225	1297.5225	2025-08-03 05:57:26.94776	2025-08-03 05:57:26.94776
JFWzC8KmuiJv_cbR6hklG	uROrIRcTN_abjbRWsyKwy	1276.9643	1275.9643	2025-08-03 05:57:27.033303	2025-08-03 05:57:27.033303
j5LSaXl-wkU6fE9ng07SK	uROrIRcTN_abjbRWsyKwy	1290.1110	1289.1110	2025-08-03 05:57:27.11945	2025-08-03 05:57:27.11945
kXPHdAjYEROnNGORnGULn	uROrIRcTN_abjbRWsyKwy	1243.9255	1242.9255	2025-08-03 05:57:27.207176	2025-08-03 05:57:27.207176
5iZxAczyxCRN--SHGr2K4	uROrIRcTN_abjbRWsyKwy	1291.2537	1290.2537	2025-08-03 05:57:27.292539	2025-08-03 05:57:27.292539
U0frVCH3owSKmFR87G9Q8	uROrIRcTN_abjbRWsyKwy	1298.9083	1297.9083	2025-08-03 05:57:27.378154	2025-08-03 05:57:27.378154
7WKiaenzrlTPTvOzOvjBT	uROrIRcTN_abjbRWsyKwy	1216.7384	1215.7384	2025-08-03 05:57:27.463775	2025-08-03 05:57:27.463775
H_JCdw2ySEialYJftINy1	uROrIRcTN_abjbRWsyKwy	1239.1728	1238.1728	2025-08-03 05:57:27.549512	2025-08-03 05:57:27.549512
CSxqoN7hDljAV5hZjkzT3	uROrIRcTN_abjbRWsyKwy	1201.5866	1200.5866	2025-08-03 05:57:27.633991	2025-08-03 05:57:27.633991
uCq7ugt3a3oRSgb9NlaoY	uROrIRcTN_abjbRWsyKwy	1270.3619	1269.3619	2025-08-03 05:57:27.719515	2025-08-03 05:57:27.719515
uFN4ydLhyNUf7vcuY9sfj	uROrIRcTN_abjbRWsyKwy	1286.0988	1285.0988	2025-08-03 05:57:27.805042	2025-08-03 05:57:27.805042
LUyLezymRVloIYMTqygNW	uROrIRcTN_abjbRWsyKwy	1210.7328	1209.7328	2025-08-03 05:57:27.891031	2025-08-03 05:57:27.891031
yaAYh1MNQ_3h15UBjE4k7	uROrIRcTN_abjbRWsyKwy	1272.0252	1271.0252	2025-08-03 05:57:27.977472	2025-08-03 05:57:27.977472
Idt-RTJIIb7rEZX2tgEvH	uROrIRcTN_abjbRWsyKwy	1272.9047	1271.9047	2025-08-03 05:57:28.062951	2025-08-03 05:57:28.062951
PwpFG0TcKLNn6uGH5NI88	uROrIRcTN_abjbRWsyKwy	1225.8381	1224.8381	2025-08-03 05:57:28.148915	2025-08-03 05:57:28.148915
cvNKINBNtbxzJitMs4r0O	uROrIRcTN_abjbRWsyKwy	1245.8247	1244.8247	2025-08-03 05:57:28.234532	2025-08-03 05:57:28.234532
l8F9eyYN54TQLvkEVpXeZ	uROrIRcTN_abjbRWsyKwy	1258.4513	1257.4513	2025-08-03 05:57:28.320135	2025-08-03 05:57:28.320135
yq47LbFqLpz04iMdOtwUX	uROrIRcTN_abjbRWsyKwy	1220.7167	1219.7167	2025-08-03 05:57:28.406102	2025-08-03 05:57:28.406102
qcbIDfloR9ZkBMVtoIRI7	uROrIRcTN_abjbRWsyKwy	1231.0785	1230.0785	2025-08-03 05:57:28.491954	2025-08-03 05:57:28.491954
AJc-veXeZ1KL1KRYDIJIt	uROrIRcTN_abjbRWsyKwy	1212.3195	1211.3195	2025-08-03 05:57:28.5776	2025-08-03 05:57:28.5776
r0vTnkF9NsYFmqkR9Gn0r	uROrIRcTN_abjbRWsyKwy	1241.5186	1240.5186	2025-08-03 05:57:28.663539	2025-08-03 05:57:28.663539
c61mj93K8nZFxDegQLBrw	uROrIRcTN_abjbRWsyKwy	1255.2930	1254.2930	2025-08-03 05:57:28.749627	2025-08-03 05:57:28.749627
zK7WXE12Qo6vTQv-zVmpb	uROrIRcTN_abjbRWsyKwy	1287.3576	1286.3576	2025-08-03 05:57:28.834905	2025-08-03 05:57:28.834905
vPGCbLjd_I6C_I0mOO-GO	uROrIRcTN_abjbRWsyKwy	1286.1534	1285.1534	2025-08-03 05:57:28.921351	2025-08-03 05:57:28.921351
zg22OrBJgQeGyuRNl7q73	uROrIRcTN_abjbRWsyKwy	1294.9666	1293.9666	2025-08-03 05:57:29.007695	2025-08-03 05:57:29.007695
MQsqhqnJVMpvLZhoD-LB8	uROrIRcTN_abjbRWsyKwy	1269.8821	1268.8821	2025-08-03 05:57:29.092175	2025-08-03 05:57:29.092175
bdnGcmmf0gmEIES1oJlVp	uROrIRcTN_abjbRWsyKwy	1222.5884	1221.5884	2025-08-03 05:57:29.17779	2025-08-03 05:57:29.17779
lAw2Uo97wR9f0yccU7QSt	uROrIRcTN_abjbRWsyKwy	1215.7255	1214.7255	2025-08-03 05:57:29.262801	2025-08-03 05:57:29.262801
nWqgTAOxIIiBR1L_444eK	uROrIRcTN_abjbRWsyKwy	1223.1098	1222.1098	2025-08-03 05:57:29.348143	2025-08-03 05:57:29.348143
BbvKgUMfWKH3VOOeLsI1t	uROrIRcTN_abjbRWsyKwy	1262.3603	1261.3603	2025-08-03 05:57:29.43372	2025-08-03 05:57:29.43372
sLlY6sUnPFgot0vRR5kzS	uROrIRcTN_abjbRWsyKwy	1286.4200	1285.4200	2025-08-03 05:57:29.518372	2025-08-03 05:57:29.518372
LIDXkeEGC7_vOT5MzqWqe	uROrIRcTN_abjbRWsyKwy	1270.0767	1269.0767	2025-08-03 05:57:29.60421	2025-08-03 05:57:29.60421
Bl8aP2PpYP_wVrAqXOFk5	uROrIRcTN_abjbRWsyKwy	1221.2265	1220.2265	2025-08-03 05:57:29.689672	2025-08-03 05:57:29.689672
M8YfCNiwqCBIk5cr4Z-7O	uROrIRcTN_abjbRWsyKwy	1283.7146	1282.7146	2025-08-03 05:57:29.775685	2025-08-03 05:57:29.775685
qO61EmwKCVHr7iZD1qFgu	uROrIRcTN_abjbRWsyKwy	1239.4248	1238.4248	2025-08-03 05:57:29.861373	2025-08-03 05:57:29.861373
l00w3lrAyW6Qk9T3ozoPp	uROrIRcTN_abjbRWsyKwy	1279.0022	1278.0022	2025-08-03 05:57:29.947058	2025-08-03 05:57:29.947058
GAeyeZgc7Ytl1QqsBp0MX	uROrIRcTN_abjbRWsyKwy	1287.9328	1286.9328	2025-08-03 05:57:30.032559	2025-08-03 05:57:30.032559
icwGGNi0_9Q4xP8ekJ0AH	uROrIRcTN_abjbRWsyKwy	1291.4709	1290.4709	2025-08-03 05:57:30.118322	2025-08-03 05:57:30.118322
weDr2mzxlxtL9X4iJfKOj	uROrIRcTN_abjbRWsyKwy	1270.3814	1269.3814	2025-08-03 05:57:30.20425	2025-08-03 05:57:30.20425
pc-2AUNM9oRlc6JCbajXb	uROrIRcTN_abjbRWsyKwy	1232.5949	1231.5949	2025-08-03 05:57:30.289699	2025-08-03 05:57:30.289699
lyDMnrgN_AwXeLpNQhgWN	uROrIRcTN_abjbRWsyKwy	1292.3440	1291.3440	2025-08-03 05:57:30.37451	2025-08-03 05:57:30.37451
9cYF7uPPSFcrrPSZ3xgvi	uROrIRcTN_abjbRWsyKwy	1278.2180	1277.2180	2025-08-03 05:57:30.460024	2025-08-03 05:57:30.460024
sSgfes_thQNlLFcSYNY-R	uROrIRcTN_abjbRWsyKwy	1291.2273	1290.2273	2025-08-03 05:57:30.546551	2025-08-03 05:57:30.546551
6YJmWuCDFiS9SESzX4G2X	uROrIRcTN_abjbRWsyKwy	1285.3736	1284.3736	2025-08-03 05:57:30.632785	2025-08-03 05:57:30.632785
ry1oyBRA2_Wq0_xrQopgJ	uROrIRcTN_abjbRWsyKwy	1256.5575	1255.5575	2025-08-03 05:57:30.718354	2025-08-03 05:57:30.718354
crPIABgUs4faMlxDva44T	uROrIRcTN_abjbRWsyKwy	1246.6134	1245.6134	2025-08-03 05:57:30.804088	2025-08-03 05:57:30.804088
09hKa_hqwDW67kdcZIO4z	uROrIRcTN_abjbRWsyKwy	1240.4048	1239.4048	2025-08-03 05:57:30.890359	2025-08-03 05:57:30.890359
EwriiBgj1etzqYgdrBESv	uROrIRcTN_abjbRWsyKwy	1290.9708	1289.9708	2025-08-03 05:57:30.97697	2025-08-03 05:57:30.97697
goOnCT4ivWyU2rxiKb2hj	uROrIRcTN_abjbRWsyKwy	1291.6492	1290.6492	2025-08-03 05:57:31.065739	2025-08-03 05:57:31.065739
1c-VJFW0Kw0p70lR-qiY9	uROrIRcTN_abjbRWsyKwy	1202.6681	1201.6681	2025-08-03 05:57:31.151556	2025-08-03 05:57:31.151556
i2uHsOuUsTx9RgcEtMMeH	uROrIRcTN_abjbRWsyKwy	1278.0566	1277.0566	2025-08-03 05:57:31.23708	2025-08-03 05:57:31.23708
DAOs26ESSBM_tbbAekx8L	uROrIRcTN_abjbRWsyKwy	1295.9758	1294.9758	2025-08-03 05:57:31.322627	2025-08-03 05:57:31.322627
WLy9tIXWZ53-8L6QHvQlB	uROrIRcTN_abjbRWsyKwy	1209.0259	1208.0259	2025-08-03 05:57:31.408991	2025-08-03 05:57:31.408991
f_faJxbI_OpPuvxSOkKVn	uROrIRcTN_abjbRWsyKwy	1211.5267	1210.5267	2025-08-03 05:57:31.493881	2025-08-03 05:57:31.493881
4WlkR9u3xFULyNaq93-iT	uROrIRcTN_abjbRWsyKwy	1261.0656	1260.0656	2025-08-03 05:57:31.580018	2025-08-03 05:57:31.580018
MQ65Y79nFe_JH6DjUYiNs	uROrIRcTN_abjbRWsyKwy	1257.9658	1256.9658	2025-08-03 05:57:31.665868	2025-08-03 05:57:31.665868
aj_s9hR181ejuLNlXDbWF	uROrIRcTN_abjbRWsyKwy	1243.2061	1242.2061	2025-08-03 05:57:31.751793	2025-08-03 05:57:31.751793
5C7DotcKTwkTBe5IIgvEL	uROrIRcTN_abjbRWsyKwy	1217.4855	1216.4855	2025-08-03 05:57:31.837101	2025-08-03 05:57:31.837101
k9OKFE9JFdBNrvWBV82Zb	uROrIRcTN_abjbRWsyKwy	1255.2812	1254.2812	2025-08-03 05:57:31.923946	2025-08-03 05:57:31.923946
oz2ZGDtsFP9u-JI57Kxvw	uROrIRcTN_abjbRWsyKwy	1293.4635	1292.4635	2025-08-03 05:57:32.008874	2025-08-03 05:57:32.008874
pu0ynE8L38tgTT4Sghopw	uROrIRcTN_abjbRWsyKwy	1287.0274	1286.0274	2025-08-03 05:57:32.09432	2025-08-03 05:57:32.09432
aGThw2pg_g0vp9akxJDvm	uROrIRcTN_abjbRWsyKwy	1276.4706	1275.4706	2025-08-03 05:57:32.180071	2025-08-03 05:57:32.180071
\.


--
-- Data for Name: quote_requests; Type: TABLE DATA; Schema: public; Owner: neondb_owner
--

COPY public.quote_requests (id, user_id, product_type, currency_pair_id, direction, amount, tenor, near_date, far_date, near_rate, status, approved_by, approved_at, quoted_rate, expires_at, created_at, updated_at, near_amount, far_amount, hedge_completed, near_spread, far_spread) FROM stdin;
\.


--
-- Data for Name: sessions; Type: TABLE DATA; Schema: public; Owner: neondb_owner
--

COPY public.sessions (sid, sess, expire) FROM stdin;
QINPRJQZgQazvJYEsy2hfEUjpZi27Ja_	{"cookie": {"path": "/", "secure": false, "expires": "2025-08-10T02:33:49.508Z", "httpOnly": true, "originalMaxAge": 604800000}, "passport": {"user": "test-admin"}}	2025-08-10 10:03:04
1oMz-38FgfhCuBY5-N5oS2pqY7OcPDmf	{"cookie": {"path": "/", "secure": false, "expires": "2025-08-11T12:28:12.800Z", "httpOnly": true, "originalMaxAge": 604800000}, "passport": {"user": "test-admin"}}	2025-08-11 12:29:27
ylEqlRQKpLjQ6V5Uq_M2UnkyX_S_6D_K	{"cookie": {"path": "/", "secure": false, "expires": "2025-08-11T11:54:33.880Z", "httpOnly": true, "originalMaxAge": 604800000}, "passport": {"user": "test-admin"}}	2025-08-11 11:54:35
3zCUiIKICPB1ARJmGbx3bNrFcaJDJZM1	{"cookie": {"path": "/", "secure": false, "expires": "2025-08-11T12:16:07.819Z", "httpOnly": true, "originalMaxAge": 604800000}, "passport": {"user": "test-admin"}}	2025-08-11 12:28:12
8-z-A2zMzzngAjs4HqrilxAZTSyCOZ8W	{"cookie": {"path": "/", "secure": false, "expires": "2025-08-11T11:53:16.789Z", "httpOnly": true, "originalMaxAge": 604800000}, "passport": {"user": "test-admin"}}	2025-08-11 13:23:23
KJ1WDttxHowzxKwGA2vuHEHd1dRfeLaC	{"cookie": {"path": "/", "secure": false, "expires": "2025-08-09T21:16:06.866Z", "httpOnly": true, "originalMaxAge": 604800000}, "passport": {"user": "test-client"}}	2025-08-09 21:16:07
A9jC7Ut-mfblPdf0IpHD3doHidVZM99N	{"cookie": {"path": "/", "secure": false, "expires": "2025-08-11T12:11:12.578Z", "httpOnly": true, "originalMaxAge": 604800000}, "passport": {"user": "test-admin"}}	2025-08-11 12:11:14
\.


--
-- Data for Name: spread_settings; Type: TABLE DATA; Schema: public; Owner: neondb_owner
--

COPY public.spread_settings (id, product_type, currency_pair_id, group_type, group_value, base_spread, tenor_spreads, is_active, created_at, updated_at) FROM stdin;
\.


--
-- Data for Name: trades; Type: TABLE DATA; Schema: public; Owner: neondb_owner
--

COPY public.trades (id, user_id, trade_number, product_type, currency_pair_id, direction, amount, rate, settlement_date, maturity_date, status, quote_request_id, created_at, updated_at) FROM stdin;
\.


--
-- Data for Name: users; Type: TABLE DATA; Schema: public; Owner: neondb_owner
--

COPY public.users (id, username, password, first_name, last_name, email, role, major_group, mid_group, sub_group, is_active, created_at, updated_at) FROM stdin;
c9ca1aeb-5749-4e6a-993b-34b01ca205b2	client1	$2b$10$92IXUNpkjO0rOQ5byMi.Ye4oKoEa3Ro9llC/.og/at2.uheWG/igi	Client	User	client@choicefx.com	client	\N	\N	\N	t	2025-08-02 16:13:57.956355	2025-08-02 16:13:57.956355
test-client	client	$2b$10$IKFX0emr1FS4TBKiwKjfa.Z6vZTMegGf5xj5Xjh77HDU9js6uAJyO	Test	Client	client@test.com	client	\N	\N	\N	t	2025-08-02 19:11:13.941104	2025-08-02 19:11:13.941104
test-admin	admin	$2b$10$IKFX0emr1FS4TBKiwKjfa.Z6vZTMegGf5xj5Xjh77HDU9js6uAJyO	Test	Admin	admin@test.com	admin	\N	\N	\N	t	2025-08-02 19:11:13.941104	2025-08-02 19:11:13.941104
\.


--
-- Name: auto_approval_settings auto_approval_settings_pkey; Type: CONSTRAINT; Schema: public; Owner: neondb_owner
--

ALTER TABLE ONLY public.auto_approval_settings
    ADD CONSTRAINT auto_approval_settings_pkey PRIMARY KEY (id);


--
-- Name: currency_pairs currency_pairs_pkey; Type: CONSTRAINT; Schema: public; Owner: neondb_owner
--

ALTER TABLE ONLY public.currency_pairs
    ADD CONSTRAINT currency_pairs_pkey PRIMARY KEY (id);


--
-- Name: currency_pairs currency_pairs_symbol_unique; Type: CONSTRAINT; Schema: public; Owner: neondb_owner
--

ALTER TABLE ONLY public.currency_pairs
    ADD CONSTRAINT currency_pairs_symbol_unique UNIQUE (symbol);


--
-- Name: market_rates market_rates_pkey; Type: CONSTRAINT; Schema: public; Owner: neondb_owner
--

ALTER TABLE ONLY public.market_rates
    ADD CONSTRAINT market_rates_pkey PRIMARY KEY (id);


--
-- Name: quote_requests quote_requests_pkey; Type: CONSTRAINT; Schema: public; Owner: neondb_owner
--

ALTER TABLE ONLY public.quote_requests
    ADD CONSTRAINT quote_requests_pkey PRIMARY KEY (id);


--
-- Name: sessions sessions_pkey; Type: CONSTRAINT; Schema: public; Owner: neondb_owner
--

ALTER TABLE ONLY public.sessions
    ADD CONSTRAINT sessions_pkey PRIMARY KEY (sid);


--
-- Name: spread_settings spread_settings_pkey; Type: CONSTRAINT; Schema: public; Owner: neondb_owner
--

ALTER TABLE ONLY public.spread_settings
    ADD CONSTRAINT spread_settings_pkey PRIMARY KEY (id);


--
-- Name: trades trades_pkey; Type: CONSTRAINT; Schema: public; Owner: neondb_owner
--

ALTER TABLE ONLY public.trades
    ADD CONSTRAINT trades_pkey PRIMARY KEY (id);


--
-- Name: trades trades_trade_number_unique; Type: CONSTRAINT; Schema: public; Owner: neondb_owner
--

ALTER TABLE ONLY public.trades
    ADD CONSTRAINT trades_trade_number_unique UNIQUE (trade_number);


--
-- Name: users users_pkey; Type: CONSTRAINT; Schema: public; Owner: neondb_owner
--

ALTER TABLE ONLY public.users
    ADD CONSTRAINT users_pkey PRIMARY KEY (id);


--
-- Name: users users_username_unique; Type: CONSTRAINT; Schema: public; Owner: neondb_owner
--

ALTER TABLE ONLY public.users
    ADD CONSTRAINT users_username_unique UNIQUE (username);


--
-- Name: IDX_session_expire; Type: INDEX; Schema: public; Owner: neondb_owner
--

CREATE INDEX "IDX_session_expire" ON public.sessions USING btree (expire);


--
-- Name: auto_approval_settings auto_approval_settings_user_id_users_id_fk; Type: FK CONSTRAINT; Schema: public; Owner: neondb_owner
--

ALTER TABLE ONLY public.auto_approval_settings
    ADD CONSTRAINT auto_approval_settings_user_id_users_id_fk FOREIGN KEY (user_id) REFERENCES public.users(id);


--
-- Name: market_rates market_rates_currency_pair_id_currency_pairs_id_fk; Type: FK CONSTRAINT; Schema: public; Owner: neondb_owner
--

ALTER TABLE ONLY public.market_rates
    ADD CONSTRAINT market_rates_currency_pair_id_currency_pairs_id_fk FOREIGN KEY (currency_pair_id) REFERENCES public.currency_pairs(id);


--
-- Name: quote_requests quote_requests_approved_by_users_id_fk; Type: FK CONSTRAINT; Schema: public; Owner: neondb_owner
--

ALTER TABLE ONLY public.quote_requests
    ADD CONSTRAINT quote_requests_approved_by_users_id_fk FOREIGN KEY (approved_by) REFERENCES public.users(id);


--
-- Name: quote_requests quote_requests_currency_pair_id_currency_pairs_id_fk; Type: FK CONSTRAINT; Schema: public; Owner: neondb_owner
--

ALTER TABLE ONLY public.quote_requests
    ADD CONSTRAINT quote_requests_currency_pair_id_currency_pairs_id_fk FOREIGN KEY (currency_pair_id) REFERENCES public.currency_pairs(id);


--
-- Name: quote_requests quote_requests_user_id_users_id_fk; Type: FK CONSTRAINT; Schema: public; Owner: neondb_owner
--

ALTER TABLE ONLY public.quote_requests
    ADD CONSTRAINT quote_requests_user_id_users_id_fk FOREIGN KEY (user_id) REFERENCES public.users(id);


--
-- Name: spread_settings spread_settings_currency_pair_id_currency_pairs_id_fk; Type: FK CONSTRAINT; Schema: public; Owner: neondb_owner
--

ALTER TABLE ONLY public.spread_settings
    ADD CONSTRAINT spread_settings_currency_pair_id_currency_pairs_id_fk FOREIGN KEY (currency_pair_id) REFERENCES public.currency_pairs(id);


--
-- Name: trades trades_currency_pair_id_currency_pairs_id_fk; Type: FK CONSTRAINT; Schema: public; Owner: neondb_owner
--

ALTER TABLE ONLY public.trades
    ADD CONSTRAINT trades_currency_pair_id_currency_pairs_id_fk FOREIGN KEY (currency_pair_id) REFERENCES public.currency_pairs(id);


--
-- Name: trades trades_quote_request_id_quote_requests_id_fk; Type: FK CONSTRAINT; Schema: public; Owner: neondb_owner
--

ALTER TABLE ONLY public.trades
    ADD CONSTRAINT trades_quote_request_id_quote_requests_id_fk FOREIGN KEY (quote_request_id) REFERENCES public.quote_requests(id);


--
-- Name: trades trades_user_id_users_id_fk; Type: FK CONSTRAINT; Schema: public; Owner: neondb_owner
--

ALTER TABLE ONLY public.trades
    ADD CONSTRAINT trades_user_id_users_id_fk FOREIGN KEY (user_id) REFERENCES public.users(id);


--
-- Name: DEFAULT PRIVILEGES FOR SEQUENCES; Type: DEFAULT ACL; Schema: public; Owner: cloud_admin
--

ALTER DEFAULT PRIVILEGES FOR ROLE cloud_admin IN SCHEMA public GRANT ALL ON SEQUENCES TO neon_superuser WITH GRANT OPTION;


--
-- Name: DEFAULT PRIVILEGES FOR TABLES; Type: DEFAULT ACL; Schema: public; Owner: cloud_admin
--

ALTER DEFAULT PRIVILEGES FOR ROLE cloud_admin IN SCHEMA public GRANT ALL ON TABLES TO neon_superuser WITH GRANT OPTION;


--
-- PostgreSQL database dump complete
--

